usuario,produto
0,1614
0,1722
0,2085
0,1675
0,1695
0,1738
0,1757
0,1915
0,1646
1,1741
1,1875
1,1894
1,1632
1,2064
1,1660
1,1954
1,1819
2,1805
2,1934
2,1702
2,1547
2,2069
2,1946
2,1877
2,1557
2,2081
2,1818
2,1978
3,1600
3,1534
3,2015
3,1933
3,1889
3,1808
3,1949
4,1645
4,1705
4,1977
4,1738
4,1522
4,1526
4,1876
5,1896
5,1738
5,1722
5,1521
5,1893
5,1930
5,1675
5,1686
5,1646
5,1640
5,1759
6,1582
6,1645
6,1613
6,2091
6,1625
6,1698
6,1526
6,1876
7,1811
7,2041
7,1900
7,1799
7,1752
7,1726
7,1890
7,2011
7,2003
8,1762
8,1557
8,1574
8,1950
8,1753
8,1734
8,1978
8,1818
9,1644
9,1876
9,1734
10,1537
10,1996
10,2052
10,2061
10,1819
10,2035
10,1866
10,1633
10,2098
10,1723
10,1825
11,1721
11,1896
11,2069
11,1814
11,2098
11,1786
11,1741
11,2081
11,1660
11,1763
12,1714
12,1513
12,1561
12,1580
12,1778
12,1683
12,1602
13,1632
13,2041
13,1856
13,1726
13,2003
13,1721
13,1890
13,1667
13,1752
14,2015
14,1525
14,1945
14,1796
14,1996
15,1876
15,1857
15,2004
15,1645
15,1789
15,1522
15,1946
15,1882
15,1736
15,1905
16,1900
16,1806
16,1901
16,1717
16,1811
16,1799
16,1656
17,2006
17,1580
17,1565
17,1818
17,1602
17,1920
17,1541
17,1574
17,1762
18,1949
18,1675
18,1636
18,1816
19,2085
19,1614
19,2021
19,1758
19,1962
19,1631
20,1745
20,2085
20,1629
20,1872
20,1520
20,1883
21,1723
21,1819
21,1660
22,1896
22,1738
22,1646
22,1675
23,1588
23,1693
23,1546
23,1986
23,1733
23,1585
23,1964
23,1545
24,2003
24,1752
24,1856
24,2041
24,2011
24,1721
24,1726
24,2024
24,1890
25,1744
25,1639
25,1542
25,1867
25,1913
25,1503
25,1583
25,1712
25,1527
26,1784
26,1855
26,1892
26,1570
26,2099
27,1985
27,1525
27,2091
27,1793
27,1774
27,1705
28,2057
28,1507
28,1572
28,1833
29,2021
29,2015
29,1614
29,1799
29,1901
29,1611
29,1806
30,1875
30,1989
30,1912
30,1611
30,2015
31,1781
31,1966
31,1734
31,1644
31,1610
31,1908
31,1796
31,1931
31,2056
32,1651
32,1623
32,1631
32,1875
33,1943
33,1688
33,1720
33,2007
33,2018
33,1968
34,1565
34,2006
34,1902
34,1762
34,1940
34,1669
35,1726
35,2024
35,2050
35,2041
35,2001
35,2011
35,1667
35,2003
35,1752
35,1890
36,1682
36,1743
36,1996
36,1931
36,2014
36,1658
37,1876
37,1731
37,1684
37,1921
37,1678
37,1635
37,1812
37,2017
38,1883
38,1822
38,1965
39,1881
39,1978
40,1698
40,1655
40,1613
40,1984
40,1909
41,1556
41,1854
41,1919
41,1689
42,2006
42,1539
42,1950
42,1902
42,2060
42,1978
42,1753
43,1620
43,1945
43,1645
43,1514
43,1682
43,1710
43,1541
43,1832
44,1920
44,1611
44,1557
44,1957
44,1602
44,2015
44,1912
44,1978
45,1997
45,1869
45,1613
45,1984
45,1909
45,1546
45,1698
45,1733
45,1681
46,1500
46,1670
46,1651
46,1659
46,1947
46,1883
46,1546
46,1997
47,1655
47,1614
47,1909
47,1698
47,1984
47,2085
48,1588
48,1592
48,1839
48,1585
48,1681
49,2058
49,1961
49,1943
49,1767
49,1690
49,1817
49,2044
49,2066
49,2013
49,1999
50,2015
50,1802
50,1912
51,1575
51,2015
51,1906
51,2005
51,1611
51,1912
51,1987
51,1584
51,1677
51,1654
51,1821
52,1538
52,1734
52,2020
52,2056
52,1644
53,1546
53,2051
53,1569
53,1551
53,1772
53,1898
53,1689
53,2086
53,1603
53,1560
54,1705
54,1645
54,1735
54,2093
54,1741
54,1606
54,1723
54,1876
54,2085
54,1755
54,1614
54,1934
55,1737
55,2093
55,2035
55,1606
55,1877
55,1632
55,1894
55,2069
55,1741
55,2008
56,1572
56,1655
56,1784
56,1556
56,1971
56,1502
56,1996
56,1682
56,1608
57,1970
57,1526
57,1997
57,1500
57,1876
57,1645
57,1602
57,1705
57,1670
58,1544
58,1672
58,1838
58,1780
58,2023
58,1825
58,1907
58,2049
58,1597
59,1814
59,1899
59,1629
59,1816
59,1504
59,1812
59,1678
59,1921
59,1933
60,1560
60,1583
60,1767
60,1772
60,1761
60,1672
60,1995
60,2018
60,1907
60,2076
61,1682
61,2061
61,1796
61,1966
61,1621
61,1931
61,1996
61,1658
61,1743
62,1875
62,1623
62,1886
62,1631
62,1962
63,1931
63,1796
63,2039
63,1682
64,1873
64,2065
64,1603
64,1843
64,1746
64,1938
64,1595
65,1638
65,1670
65,1698
65,1936
65,1909
65,1659
65,2015
65,1651
65,1883
66,1896
66,1675
66,1759
66,1750
66,1893
66,1738
66,1646
67,1784
67,2057
67,1972
67,1651
67,1892
67,1680
67,1556
67,2084
67,1740
67,1858
67,1659
67,1973
67,1919
68,1907
68,1688
68,1609
68,1756
68,1671
68,1560
68,1599
69,2013
69,1705
69,1960
69,2052
69,1595
69,1573
69,2023
69,2000
70,2041
70,1717
70,2003
70,1721
70,2011
70,1667
70,1806
71,1876
71,1977
71,1630
71,2065
71,1938
71,1710
71,1907
71,1671
72,1806
72,1901
72,1717
72,1799
72,1900
72,1811
72,1656
73,1680
74,1997
74,1656
74,1901
74,1651
74,1883
74,1806
74,1500
74,1670
74,1543
74,1717
74,1799
74,1680
74,1811
75,1651
75,1717
75,1752
75,2024
75,1799
75,1500
75,1970
75,1659
75,1806
75,1901
76,1611
76,1987
76,1912
76,2015
76,1575
77,1717
77,1625
77,1613
77,1909
77,1984
77,1698
77,1734
77,1936
77,1655
78,1778
78,2081
78,2098
78,1619
78,1817
78,2069
78,1698
78,1819
79,1886
79,1875
79,1723
79,1606
79,1970
79,1582
79,1680
79,2069
79,2007
79,1632
80,1651
80,1613
80,1645
80,1670
80,1705
80,1698
80,1909
81,1675
81,1646
81,1896
81,1535
81,1640
81,1738
81,2036
81,1734
81,1829
81,1722
82,1582
82,1836
82,1875
82,1623
82,1886
82,1651
83,1958
83,2072
83,1879
83,1992
83,1882
83,1583
83,1980
83,2001
84,1739
84,1921
84,1814
84,2082
84,1975
84,1629
84,1542
84,1516
85,1912
85,1681
85,1820
85,1575
85,1874
85,1839
85,2015
85,1611
85,1801
85,1964
86,1693
86,1671
86,1630
86,2065
86,1656
86,1770
86,1986
86,1542
86,1869
86,1990
86,1599
87,1856
87,1726
87,1909
87,1613
87,2003
87,1667
87,2070
87,1885
87,2041
87,1625
87,1984
87,1721
87,2011
87,1949
87,1752
88,1872
88,2037
88,1975
88,1660
88,1531
88,2093
88,1606
88,1547
88,1824
88,1927
88,2080
88,1504
88,1954
88,2059
89,1987
89,1912
89,2015
89,1611
89,1851
89,1575
90,1989
90,1993
90,2082
90,1578
90,1524
90,1790
90,1700
90,2094
91,1714
91,1972
91,2038
91,1743
91,1931
91,1604
92,2046
92,1853
92,1972
92,1544
92,1712
92,1772
93,1631
93,1962
93,1659
93,1555
93,1997
93,1651
93,1878
93,1740
94,1789
94,1983
94,1885
94,1889
94,1581
94,1697
94,1882
94,2014
95,1655
95,1698
95,1613
95,2015
95,1611
95,1538
96,1936
96,1901
96,1909
96,1613
96,2070
96,1717
96,1655
96,1806
97,1618
97,1962
97,2068
97,1979
97,1578
97,1878
97,1631
97,1765
97,1989
97,1774
98,1513
98,1580
98,1602
98,1778
98,1683
99,1845
99,1992
99,2013
99,2009
99,1509
99,1924
99,1853
99,2005
99,1907
100,1596
100,1585
100,1546
100,1749
100,1588
101,1670
101,1997
101,1846
101,1736
101,1651
101,1983
101,1596
101,2006
101,1659
101,1574
102,1734
102,2013
102,1509
102,1936
102,2072
102,1560
102,1679
102,1542
102,1797
102,1853
102,1974
103,1681
103,1564
103,1869
103,1640
103,1585
103,1798
103,1820
103,1626
104,2009
104,1909
104,1620
104,1747
104,2053
104,1541
104,1525
104,1878
104,1758
104,1765
104,1962
104,2068
104,2040
104,1631
104,1714
104,1555
104,1683
105,2034
105,1999
105,1948
105,1876
105,2052
105,2095
105,1707
105,1767
105,2072
105,1633
106,2087
106,2052
106,1825
106,1832
106,1866
106,1633
107,2085
107,1614
107,1822
107,1915
107,2021
108,1542
108,1672
108,1923
108,1853
108,2074
108,1688
108,1938
108,1911
108,1718
109,1619
109,1987
109,1580
109,1714
109,1611
109,1882
109,1857
110,1646
110,1564
110,1870
110,1750
110,1722
110,1964
110,1640
110,1930
110,1585
110,1592
111,1750
111,2052
111,1930
111,1640
111,1646
111,1886
111,1623
111,1759
111,1514
111,1829
112,1886
112,1833
112,1633
112,1582
112,1840
112,2052
112,2030
112,1689
113,1681
113,1658
113,1641
113,1585
114,1645
114,1977
114,2091
114,1876
115,1823
115,2022
115,1600
115,1816
115,1636
115,1985
115,1949
115,2087
115,1575
115,1633
116,1979
116,1540
116,1578
116,1618
116,1891
116,1774
116,1989
117,1721
117,1633
117,2052
117,1670
117,1832
117,2021
117,1947
117,1514
117,1997
117,1651
117,1517
117,1577
117,1680
118,2084
118,2052
118,1972
118,2030
118,2000
118,1550
118,1855
118,1570
119,2011
119,2053
119,2041
119,1748
119,1856
119,1643
119,1945
120,1946
120,1909
120,1905
120,1655
120,1698
120,2030
121,1986
121,1681
121,1546
121,1839
121,1641
122,1989
122,1993
122,1578
123,1553
123,2085
123,1839
123,1585
123,1546
123,1822
124,1656
124,1799
124,1717
124,1806
124,1901
124,1900
124,1604
125,1876
125,1645
125,1977
125,2091
125,2015
125,1522
126,1677
126,1714
126,1945
126,1683
126,1602
126,1525
127,1821
127,1525
127,1945
127,1643
127,1906
127,1716
127,1860
128,1626
128,2043
128,2000
128,1972
128,2099
128,1600
128,1572
128,1681
128,1830
129,1656
129,1632
129,2064
129,1547
129,2024
129,1856
129,1877
130,1500
130,1930
130,1646
130,1659
130,1977
130,1757
131,2093
131,1958
131,1723
131,2007
131,2064
131,2081
131,1547
132,1886
132,2079
132,1770
132,1915
132,1649
132,1626
132,1614
132,1511
132,1839
132,1964
132,1585
132,1582
133,2052
133,1832
133,1633
133,1514
133,1845
133,1866
133,1542
134,1516
134,2082
134,1531
134,2061
134,1678
134,2031
134,1796
134,1745
134,1802
134,2026
134,1814
135,2015
135,1912
135,1575
135,1987
135,1973
136,1727
136,1762
137,2030
137,1787
137,1985
137,1793
137,1742
137,1533
137,1706
137,1556
137,1972
137,1808
138,1556
138,1855
138,1570
138,1608
138,1742
138,1502
138,1858
139,1517
139,1705
139,2091
139,1825
139,2052
139,1886
139,1561
139,1514
139,1876
139,1526
139,1832
139,1623
139,1710
140,1966
140,1658
140,1559
140,1993
140,2061
140,1670
140,1970
140,1682
140,1578
140,1989
140,1680
141,1738
141,1722
141,1640
141,1930
141,1896
141,1759
141,1893
141,1750
142,2095
142,1624
142,2072
142,1503
142,1630
142,1923
142,1544
142,1780
143,2084
143,2057
143,1993
143,2030
143,1507
143,1989
143,1880
143,1854
144,1636
144,1815
144,1808
144,1594
144,1882
145,1698
145,2058
145,1583
145,1712
145,1902
146,1971
146,1880
146,1833
146,1612
146,1623
146,1604
147,2000
147,1858
147,1587
147,1972
147,1502
147,1569
147,1904
147,1689
147,1608
147,1507
147,1570
148,1758
148,1878
148,1631
149,1978
149,1596
149,1917
149,1957
149,1920
149,1950
149,1753
149,1574
150,1806
150,1656
150,1717
150,1799
150,1901
150,1811
150,1900
151,1582
151,1886
151,1623
151,1875
152,2009
152,1525
152,1677
152,1893
152,1930
152,1896
152,1646
152,1829
152,1521
152,1738
152,1620
153,1745
153,1653
153,1714
153,1924
153,1599
153,1775
154,1758
154,1631
154,1555
154,1698
154,1613
154,1625
154,1909
154,1936
154,1655
154,2068
155,1839
155,1626
155,1545
155,1564
155,1681
155,1964
155,1511
155,1820
155,1986
155,2079
156,1646
156,1930
156,1829
156,1750
156,1738
156,1695
156,1759
157,1655
157,1613
157,1936
157,1909
157,1984
158,1967
158,1766
158,1924
158,1573
158,1780
158,1665
158,1598
158,1688
159,2036
159,1675
159,1738
159,1521
159,1759
159,1602
159,1722
159,1758
159,1930
159,1955
159,1750
159,1646
159,1640
159,1695
159,1580
159,1878
160,2046
160,1985
160,1581
160,1983
160,1933
160,1732
160,1636
160,1949
161,1548
161,1891
161,1578
161,1989
161,1979
161,1774
161,1993
161,1618
161,1692
162,1566
162,1946
162,1561
162,1602
162,1670
162,1740
162,1882
162,1619
162,2004
163,2030
163,1880
163,1890
163,1858
163,1787
163,1784
163,1721
163,1523
164,1978
164,1964
164,1762
164,1818
164,1940
164,1557
164,1881
164,1727
164,1591
165,1542
165,1544
165,1980
165,1573
165,1780
165,1598
166,2039
166,1720
166,2064
166,2035
166,1625
166,1655
166,1966
166,1909
167,1578
167,1548
167,1979
167,1989
167,1618
167,1774
167,1891
167,1993
167,1692
168,2004
168,1738
168,1638
168,1946
168,1955
168,1521
168,1695
169,1774
169,1540
169,1618
169,1578
169,1979
169,1993
169,1989
170,1538
170,1758
170,1918
170,1987
170,1734
170,2068
170,1611
170,1878
170,2015
170,1912
170,2062
170,1631
170,1555
170,1851
171,1660
171,1526
171,1834
171,1785
171,1962
172,2011
172,1726
172,1752
172,2085
172,1614
172,2003
172,2021
172,1822
173,1944
173,1734
173,1585
173,1574
173,1820
173,1877
174,1644
174,1741
174,1736
174,1760
175,1915
175,1789
175,1882
175,1996
175,1687
175,1638
176,1784
176,2057
176,2073
176,2000
176,2085
176,1572
176,1523
176,1787
176,1822
176,2097
176,1742
176,1915
177,1611
177,2015
177,1575
177,1912
178,2015
178,1591
178,1722
178,1640
179,1705
179,1905
179,1638
179,1846
179,1645
179,1876
179,2004
179,1977
179,1946
180,1726
180,2011
180,1856
180,1721
180,2006
180,1818
180,1902
180,2041
181,1781
181,1658
181,1966
181,1878
181,1758
181,1931
181,2068
182,1770
182,1585
182,1588
182,1839
183,1825
183,2087
183,1633
183,2067
183,1832
183,1585
183,2052
183,1514
183,1866
183,1862
183,1517
183,1823
184,1584
184,1747
184,1811
184,1738
184,1806
184,2009
184,1717
184,1821
184,1901
184,1780
185,1641
185,1681
185,1839
185,1964
186,1705
186,1645
186,2035
186,2037
186,1877
186,1526
186,1723
186,1876
186,1547
186,1735
187,1522
187,1684
187,1504
187,1705
187,1977
187,1645
187,2091
187,1629
188,1875
188,1734
188,1946
188,1965
188,1623
188,1567
188,1789
188,1788
188,1582
188,1882
189,1876
189,1705
189,1977
189,1522
189,1526
189,1710
189,2091
189,1645
190,1572
190,1826
190,1902
190,1818
190,1784
191,1602
191,2003
191,1513
191,1683
191,1667
191,1726
191,2041
192,1993
192,1774
192,1618
192,1515
192,1692
192,1891
193,2015
193,1611
193,1851
193,1912
194,1500
194,1927
194,1670
194,1680
194,1947
194,1651
194,1659
194,1970
194,1997
194,1883
194,1577
195,1834
195,1731
195,1782
195,1656
195,2069
195,1537
195,2093
196,1814
196,1651
196,1670
196,2094
196,1763
196,1629
196,1883
196,1939
196,1575
196,1709
196,1531
196,1812
196,1916
196,1997
197,1977
197,1876
197,1705
197,1526
197,1522
197,2091
197,1645
198,1697
198,1836
198,1866
198,1946
198,1582
198,2004
198,1832
198,1983
198,1857
198,1623
198,1567
199,1633
199,1514
199,2067
199,2052
199,1866
200,2003
200,1619
200,1965
200,1714
200,1683
200,1752
200,1580
200,1875
200,1726
200,1623
200,1856
201,1683
201,1619
201,1561
201,1580
201,1547
201,1714
201,1787
201,1513
201,1721
201,1602
202,1654
202,1936
202,1613
202,2009
202,1726
202,1984
202,1643
202,2010
202,1721
202,1856
202,1909
202,2041
202,1625
202,1945
202,1821
203,2095
203,1509
203,1744
203,1780
203,1992
203,1945
203,1907
203,1653
204,2035
204,1736
204,1566
204,1983
204,1638
204,1946
204,1882
205,1618
205,2041
205,1993
205,1698
206,1697
206,1946
206,1857
206,1566
206,1983
207,1734
207,2049
207,1928
207,2082
207,1814
207,2056
208,1658
209,2085
209,1822
209,1640
209,1915
209,1687
209,2021
209,1614
209,1835
209,1755
210,1893
210,1612
210,1770
211,1542
211,1603
211,1595
211,1767
211,1688
211,1673
211,1834
211,1560
211,1744
211,1653
212,1806
212,1799
212,1901
212,1656
212,1717
212,1811
212,1900
213,1721
213,1585
213,1726
213,1564
213,1856
213,1592
214,1705
214,1876
214,1645
214,1710
214,2091
214,1522
214,1977
215,1651
215,1912
215,1659
215,1615
215,1977
215,1987
215,2015
216,1573
216,1901
216,1585
216,1598
217,1522
217,1977
217,1905
217,1876
217,1705
218,1531
218,1629
218,1516
218,1709
218,1814
218,1694
218,1763
218,1562
219,1936
219,1733
219,1964
219,1977
219,1522
219,1869
219,1705
219,1585
220,1623
220,1997
220,1965
221,1987
221,2015
221,1989
221,1611
221,1548
221,1912
221,1515
221,1979
221,1575
221,1993
222,2041
222,1876
222,1667
222,2011
222,1645
223,2091
223,1841
223,1531
223,1773
223,1814
223,1635
223,1705
223,1876
223,1522
223,1989
223,1554
223,1891
223,1699
223,1824
223,1763
223,1646
224,1732
224,1546
224,1526
225,1856
225,1578
225,1979
225,1515
225,1726
225,1774
225,1801
225,1743
225,1989
226,1993
226,1989
226,1891
226,1548
226,1540
226,1774
226,1692
226,1618
226,1515
227,1909
227,1655
227,2070
227,1936
227,1613
227,1698
227,1984
227,1670
227,1564
228,1602
228,1714
228,1778
228,1561
228,1683
228,1619
228,1513
228,1580
229,1551
229,2085
229,1985
229,1794
229,2018
229,1767
229,1780
229,1603
229,2021
229,1679
229,1995
229,2071
229,1707
229,1725
230,1899
230,1712
230,1907
230,1923
230,1948
230,1594
230,1598
230,2013
230,1607
230,1775
231,1880
231,1900
231,2057
231,2000
231,2030
231,1523
232,1794
232,1756
232,1882
232,1903
233,1993
234,1954
234,1869
234,1564
234,1546
234,1611
234,1770
234,1716
234,2009
234,1588
235,1584
235,1945
235,2052
235,2040
236,1993
236,1659
236,2018
236,1633
236,1600
236,1651
236,1500
237,1667
237,1651
237,1659
237,2003
237,1670
237,2041
237,1582
237,1740
238,1688
238,1615
238,2014
238,1621
238,1671
238,1907
238,1948
238,2013
238,1924
239,1570
239,1919
239,2024
240,1514
240,1825
240,1557
240,1866
240,1753
240,1957
241,1749
241,1906
241,1945
241,1762
241,1602
241,1950
241,1902
242,1670
242,1500
242,1970
242,1883
242,1659
242,1806
242,1997
242,1799
242,1577
242,1901
243,2011
243,1832
243,1721
243,1752
243,2003
243,1633
243,2052
243,1890
243,2041
243,1866
243,1517
244,1886
244,1519
244,1623
244,2074
244,1836
244,1582
245,1525
245,1945
245,1878
245,1631
245,2069
245,2005
245,2009
245,1936
245,1698
245,1821
246,1566
246,1631
246,1758
246,1946
246,1950
246,1983
246,1557
246,1882
246,1555
246,1978
246,1920
247,1836
247,1886
247,1875
248,1767
248,1542
248,1595
248,1597
248,1751
248,1516
248,1772
248,1695
248,1527
249,1857
249,1638
249,2004
249,1946
249,1983
250,1731
250,1740
250,1997
250,1659
250,1680
250,2069
251,1569
251,1865
251,1858
251,1880
251,1556
251,1550
251,1932
251,2045
252,1915
252,1741
252,2064
252,1611
252,1547
252,1537
252,1819
252,1614
253,2091
253,1983
253,1977
253,1876
253,1526
253,1847
253,1522
254,1525
254,1620
254,1646
254,1716
254,2010
254,1698
254,1821
254,2009
254,1541
254,1584
255,1723
255,1894
255,2093
255,1760
256,1613
256,1909
256,1984
256,1625
256,1936
256,1698
256,2070
256,1655
257,1632
257,2093
257,1703
258,1734
258,1918
258,1721
258,2024
258,1890
258,1631
258,2041
258,1758
258,1765
258,2003
258,1555
259,1629
259,1689
259,1714
259,1619
259,1786
259,1504
259,2028
259,1602
259,1928
259,1561
259,1804
259,1580
259,1554
259,1975
260,1919
260,2030
260,1681
260,2086
260,1787
260,1545
260,1784
261,2056
261,2085
261,2062
262,1614
262,1822
262,1832
262,1514
262,1915
262,2052
262,1865
262,1687
262,2021
262,2085
263,1561
263,1934
263,2005
263,1821
263,1580
263,1839
264,1900
264,1656
264,1659
264,2011
264,1856
265,1585
265,1714
265,1755
265,1614
265,1822
265,1693
265,1683
265,1626
265,1874
266,2014
266,1659
266,1936
266,1543
266,1625
266,1670
266,1740
266,1577
267,1977
267,1631
267,1687
267,1614
267,1835
267,1876
267,1878
267,1962
268,1782
268,1723
268,1678
268,1975
268,1819
268,1894
268,2082
269,1959
269,1878
269,1758
269,1962
269,1588
269,1979
269,1555
269,2068
269,1765
270,1538
270,1818
270,1788
270,1596
270,1978
270,1902
270,1734
270,1644
270,1574
270,1881
270,1940
271,1997
271,1993
271,2016
271,1883
272,1954
272,1934
272,1886
272,1834
272,2037
272,1842
272,2098
272,1574
272,1557
273,1823
273,1997
273,1680
273,1862
273,1651
273,1865
273,1577
274,1712
274,1974
274,1845
274,2095
274,2066
274,1730
274,1780
274,1766
275,1623
275,2085
275,1886
275,1743
275,1658
275,1582
275,2014
275,1822
275,2021
276,1504
276,1531
276,1699
276,1872
276,1814
276,1841
276,1601
276,1562
276,1993
277,1950
277,1517
277,1602
277,1633
278,1755
278,1915
278,2085
278,2021
278,1835
278,1890
278,1614
278,1519
278,1822
278,1687
279,1763
279,1629
279,1701
279,1987
279,1699
279,1916
279,2015
279,1764
280,1565
280,1673
280,1867
280,1902
280,1560
280,1598
280,1940
280,1978
280,2054
280,1652
280,1983
280,1712
281,2059
281,1846
281,1872
281,1611
281,1528
281,1814
281,1629
281,1575
282,1618
282,1818
283,1893
283,1984
283,1936
284,1507
284,1806
284,1799
284,1901
284,1900
284,1656
284,1717
284,1940
284,1811
285,1983
285,1885
285,1946
285,1789
285,1736
285,1882
286,2011
286,1890
286,1786
286,2097
286,2003
286,1726
286,1507
286,1531
287,1950
287,1557
287,1959
287,1818
287,1878
287,2068
287,1555
287,1962
288,1504
288,1929
288,1975
288,1776
288,1802
288,1520
288,1763
289,1656
289,1901
289,1811
289,1900
289,1806
289,1799
290,1521
290,1750
290,1930
290,1738
291,1630
291,1938
291,1551
291,2066
291,2013
291,1902
291,1573
292,2015
292,1996
292,1801
292,2014
293,1668
293,1820
293,1693
293,1588
293,1546
294,1607
294,1609
294,2066
294,1948
294,1597
294,1688
294,1527
294,1652
295,1900
295,1521
295,1717
295,1799
295,1656
295,1901
295,1714
296,1635
296,1513
296,1852
296,1658
296,1763
296,1873
296,2080
296,1814
296,1602
296,1714
296,1709
296,1975
297,1802
297,1516
297,2041
298,2085
298,1600
298,1822
298,2021
299,1734
299,1610
299,1644
299,1918
299,1538
299,2056
300,1682
300,1658
300,1796
300,1966
301,1765
301,1614
301,2068
302,1997
302,1883
302,1636
302,1680
302,1947
302,1600
302,1808
302,1659
303,1989
303,1753
303,1557
303,1738
303,1578
304,1567
304,2040
304,2085
304,2005
304,1822
304,2009
305,1821
305,2040
305,1654
305,1945
305,2009
305,1525
305,2010
305,1620
305,1677
305,1682
305,1716
306,2091
306,1526
306,1705
306,1876
307,1548
307,1502
307,1550
307,1774
307,1989
307,1971
307,1578
308,1901
308,1829
308,1799
308,1722
309,1523
309,1604
309,2030
309,1550
309,1734
309,1919
309,1570
309,1875
309,1886
309,1689
309,1519
309,1623
310,1538
310,1964
310,1770
310,1610
310,2020
310,1734
310,1839
311,1611
311,2015
312,1856
312,2011
312,1890
312,1667
312,2003
312,1721
312,1752
313,1655
313,1698
313,1625
313,1984
313,1936
313,1613
313,1909
314,1561
314,1602
314,1580
314,1513
314,1619
314,1778
314,1714
314,1683
315,1641
315,1986
315,1687
315,2034
315,1977
315,1588
315,1515
315,1822
315,1710
315,1755
315,1876
316,1876
316,1705
316,1526
316,1977
317,1796
317,1996
317,1743
317,1621
317,2061
317,1682
317,1908
317,1966
317,1658
318,1731
318,2093
318,2069
318,1741
318,1819
318,1934
318,1660
318,2037
318,1606
319,1821
319,1525
319,1714
319,1561
319,1602
319,1513
319,2009
319,2040
319,1677
319,1620
320,1753
320,1902
320,1557
320,1762
320,1818
320,1920
320,1893
320,2006
320,1622
320,1917
320,1565
321,1762
321,1818
321,1978
321,1940
321,1565
321,1950
322,1631
322,1962
322,1546
322,1765
322,1959
322,1758
322,2068
323,1550
324,1979
324,1993
324,1618
324,1774
324,1548
324,1989
324,1841
325,1886
325,1875
325,1623
325,1965
325,1582
325,1836
326,1745
326,1896
326,1562
326,1516
326,1802
326,1763
326,1640
326,1893
326,1928
326,1701
326,1529
327,1835
327,1915
327,1614
327,1748
327,1644
327,1755
327,2085
328,1542
328,1770
328,1705
328,1585
328,2075
328,1522
328,2091
328,1949
328,1977
328,1546
328,1681
329,1986
329,2079
329,1683
329,1714
329,1602
329,1580
330,1979
330,1723
330,2069
330,2070
330,1632
330,1613
330,1894
331,1755
331,1651
331,1835
331,1577
331,1670
331,1519
331,1970
332,1515
332,1891
332,1993
332,1774
332,1540
332,1578
332,1979
332,1692
333,1836
333,1965
333,1623
333,1886
333,1875
333,1582
333,1849
333,1834
334,1979
334,1891
334,1548
334,1578
334,1989
334,2085
334,1618
334,1774
334,1515
334,1993
334,1540
335,1631
335,2056
335,1758
335,1765
335,1610
335,1538
336,1714
336,1858
336,1931
336,1562
336,1699
336,1602
337,1526
337,1705
337,1698
337,2091
337,1613
337,1876
337,1710
337,1522
338,1739
338,1929
338,1734
338,1796
338,1601
339,1882
339,1741
339,1983
339,1736
339,1547
339,2069
339,1723
339,1789
339,2007
339,1758
339,1632
339,1934
340,1818
340,1920
340,1565
340,1613
341,1818
342,2093
342,1547
342,1660
342,2037
343,1975
343,2082
344,1982
344,2095
344,1672
344,1662
344,1876
344,1734
344,1788
344,1644
344,1543
344,1758
344,1568
345,1537
345,1785
345,1939
345,1975
345,1957
345,1516
345,2064
345,1554
345,2090
345,2098
345,1802
345,2014
345,1723
345,1724
346,2069
346,1819
346,2098
346,1592
346,1668
346,2081
346,1770
346,1660
346,1547
347,1949
347,1933
347,2043
347,1809
347,1816
347,1636
348,2069
348,1723
348,1660
348,2064
348,1834
349,1891
349,1578
349,1515
349,1993
349,1979
349,1692
349,1618
350,1946
350,1796
350,1996
350,1566
350,1905
350,1882
350,1983
351,1571
351,1990
351,1583
351,2066
351,1913
351,1637
351,1911
351,1568
352,1582
352,2069
352,1886
352,1894
352,1714
352,1723
352,2064
352,1836
352,1623
352,1954
352,1602
352,2081
352,1778
352,1834
352,1877
353,1755
353,1979
353,1882
353,1687
353,1983
353,1946
353,1774
353,1578
353,2004
353,2085
354,1587
354,1984
354,1936
354,1655
354,1698
354,1694
354,1613
354,1909
354,1625
354,2070
355,2027
355,1507
355,1919
355,1711
355,2052
355,1623
355,1728
355,1706
356,2018
356,1769
356,1897
356,1600
356,1707
356,1543
356,1609
356,2074
356,1780
357,1575
357,1623
357,2015
357,1912
357,1886
357,1611
357,1513
357,1987
357,1683
358,1577
358,1589
358,1554
358,1929
358,1629
358,1516
358,1500
359,2052
359,1517
359,1514
359,1823
359,1865
359,1832
359,1866
359,1633
359,2067
360,1801
360,2091
360,1752
360,1645
360,2041
360,1705
360,1912
360,2015
361,1986
361,1705
361,1693
361,2075
361,1656
361,1585
362,1993
362,1611
362,1989
362,1979
362,1801
362,1912
362,1774
362,1575
363,1882
363,1946
363,1581
363,1600
363,1789
363,1793
363,1949
364,1571
364,1564
364,1731
365,1851
365,1912
365,1611
365,2015
365,1575
365,1801
365,1987
366,1726
366,1721
366,1667
366,2041
367,1878
367,2091
367,1555
367,1758
367,1959
367,1765
367,1631
367,2068
367,1962
367,1977
368,1655
368,1984
368,1625
368,1936
368,1698
368,2041
368,1687
368,1614
368,2085
368,1856
368,1822
368,1752
369,2053
369,1945
369,1726
369,1584
370,2034
370,2072
370,1542
370,1560
370,1780
370,1624
370,1962
370,1590
370,2095
370,2085
370,1911
370,1671
370,1738
371,1531
371,1975
371,1572
371,1554
371,2000
371,1830
371,1814
372,1649
372,1594
372,1513
373,1846
373,1882
373,2004
373,1689
373,1949
373,1728
373,1572
373,1556
374,1646
374,1591
374,1896
374,1996
374,1818
374,2014
374,1966
374,1743
374,1931
375,1890
375,2003
375,2011
375,1667
375,2041
375,1752
375,1726
375,1721
375,1856
375,2024
376,2017
376,2059
376,1945
376,1602
376,1513
377,1797
377,1815
377,1967
377,1999
377,1948
377,1886
377,2066
377,1960
378,1712
378,1818
378,1762
378,1806
378,1900
378,1557
379,1816
379,1777
379,1885
380,1945
380,1541
380,1620
380,1655
380,1525
380,1625
380,2070
380,1860
380,1698
381,1516
381,1960
381,1693
381,1993
381,1986
381,1770
381,1745
382,1692
382,1515
382,1989
382,1997
382,1655
383,1602
383,1561
383,1683
383,1714
383,1547
383,1623
383,1619
384,2059
384,2085
384,1921
384,1975
384,1651
384,1678
384,1516
384,1629
384,1562
385,1611
385,2015
385,1912
385,1801
385,1987
385,1851
386,1585
386,1602
386,1619
386,1511
386,1839
386,1714
386,1588
386,1626
386,2068
386,1878
387,1582
387,1575
387,2015
387,1886
387,1611
387,1875
387,1965
387,1836
387,1623
388,1580
388,1714
388,1602
388,1513
388,1683
388,1619
389,1660
389,1870
389,1619
389,1683
389,1639
389,1594
389,1602
389,1560
389,1513
389,1911
390,1614
390,1755
390,2085
390,1822
390,2021
390,1835
390,1915
390,1687
391,1822
391,1667
391,1614
391,1993
391,1752
391,2024
392,1977
392,1799
392,1750
392,1646
392,1526
392,1901
392,1675
392,1521
393,1891
393,1700
393,1531
393,1589
393,1895
393,2028
394,1989
394,1727
394,1638
394,1740
394,1902
394,1940
394,1993
394,1540
395,2008
395,1660
395,1954
395,1723
395,1611
395,1934
395,2069
395,2007
395,1735
396,2084
396,1645
396,1522
396,1977
396,2010
396,1611
397,1796
397,1625
397,1909
397,2070
397,1698
398,1600
398,1889
398,1851
398,1611
398,1801
398,1912
398,1836
399,1818
399,1515
399,1979
399,1989
399,1993
399,1902
399,2006
399,1940
399,1801
399,2043
400,2084
400,1787
400,1695
400,1711
400,1893
400,1919
400,1525
400,1689
400,1523
400,1521
400,1896
400,1972
400,1880
401,1721
401,1856
401,1726
401,2052
401,2003
401,1752
402,1758
402,1962
402,1631
402,2068
402,1555
402,1959
402,1765
402,1878
403,2004
403,1905
403,1882
403,1983
403,1946
403,1697
404,1670
404,1900
404,1806
404,1876
405,1515
405,1692
405,1618
405,1578
406,1945
406,1541
406,1584
406,1620
406,1821
406,1906
406,1677
407,1722
407,1756
407,1521
407,1757
407,1750
407,2030
407,1738
407,1675
407,1695
407,1759
407,1829
407,1893
408,1577
408,1659
408,1670
408,1865
408,1651
408,1883
408,1514
408,1832
409,2034
409,2066
409,1573
409,1542
409,1707
409,1907
409,1514
410,1930
410,1759
410,2036
410,1646
410,1722
410,1893
410,1750
410,1695
411,1854
411,2010
411,2030
412,1979
412,1548
412,1774
412,1515
413,1645
413,1876
413,2091
413,1522
413,1977
413,1710
414,1983
415,1734
415,2015
415,1806
415,1900
415,1656
415,1912
416,1736
416,1946
416,1602
416,1580
416,1683
416,1822
416,1983
417,1993
417,1989
417,1515
417,1979
417,1774
417,1692
417,1578
417,1891
418,1805
418,1731
418,2077
418,1632
418,1954
418,1547
418,1703
418,2064
419,1930
419,1675
419,1738
419,1759
419,1521
419,1829
419,1646
419,1955
419,1695
420,1882
420,1566
420,1857
420,1638
420,1905
420,1983
420,1736
420,1789
420,1846
420,1866
420,1946
421,1965
421,1623
421,1849
421,1886
421,1836
421,1875
421,1582
422,1758
422,1631
422,1885
422,1555
422,2068
423,1656
423,1811
423,1799
424,1780
424,1573
424,1902
424,1767
424,1920
424,1898
424,1551
424,1999
424,1903
424,1597
425,1908
425,1743
425,2014
425,1966
425,1658
425,1996
425,1796
425,2061
425,1621
425,2039
425,1866
426,1996
426,1915
426,1930
426,2085
426,1658
426,1796
426,1614
426,2014
427,1638
427,1658
427,2014
427,1882
428,1521
428,1984
428,1646
428,1936
429,1714
429,1909
429,1613
429,1625
429,1619
429,1683
429,2070
429,1655
429,1936
429,1513
429,1984
429,1580
429,1740
429,1698
430,1733
430,1545
430,1592
430,1626
430,1869
430,1668
430,1585
430,1964
430,1546
430,1693
430,1770
430,1641
430,1986
431,1655
431,1984
431,1698
431,1625
432,1736
432,1882
432,1638
432,1789
432,1983
432,2004
432,1946
432,1566
433,2022
433,1949
433,1956
434,1965
434,2021
434,1822
434,1886
434,1915
434,1614
435,1717
435,1900
436,1591
436,1957
436,2006
436,1663
436,1978
436,1818
436,1574
436,1565
436,1940
436,1902
436,1557
437,1878
437,1602
437,1734
437,1683
437,1619
437,1962
437,2020
437,1778
437,1580
437,1561
438,1722
438,1930
438,1896
438,1759
438,1649
438,1750
438,1675
438,1738
438,1757
438,1751
438,1893
438,1955
439,1714
439,1964
439,1561
439,1564
439,1705
439,1602
440,2085
440,1835
440,1993
440,1613
440,1909
440,1656
440,1878
441,1758
441,1638
441,1878
441,1625
441,2004
441,1613
441,1882
441,1655
441,1566
442,1883
442,1557
442,1545
442,1978
442,1693
442,1798
442,1500
443,1538
443,1934
443,1547
443,1954
443,1760
443,2069
443,2035
444,2013
444,1960
444,1772
444,1948
444,1542
444,1853
445,1962
445,1878
445,1758
445,1765
445,2068
445,1631
446,1736
446,1983
446,1582
446,2004
446,1875
446,1836
446,1882
446,1965
446,1638
446,1886
447,1812
447,1734
447,1660
447,2069
447,1629
448,1930
448,1750
448,1875
448,1623
448,1681
448,1733
448,1759
448,1798
448,1722
448,1829
448,1675
449,1901
449,1833
449,1644
449,2030
449,2056
449,1608
449,1871
449,1550
449,2000
450,1887
450,1990
450,2034
450,1659
450,1883
450,1500
451,1998
451,1705
451,1957
451,1821
451,1584
451,1596
451,1860
452,1610
452,1734
452,2056
453,1658
453,2061
453,1909
453,1611
453,1987
453,2015
453,1575
453,1912
453,1743
453,1682
453,1796
454,1564
454,1987
454,1801
454,2093
454,1545
454,1681
454,1585
454,1575
454,1819
454,1760
454,1537
455,2005
455,1541
455,1949
456,1537
456,1954
456,2069
456,1731
456,2093
456,2037
456,1741
456,1723
456,1760
456,1660
457,1631
457,1962
457,1614
457,1822
457,2085
457,1758
457,2068
457,1878
458,1765
458,1758
458,1878
458,1631
458,2068
458,1962
458,1959
459,1707
459,2013
459,1984
459,2072
459,1850
459,2083
459,1744
459,1796
459,1698
459,1936
460,2084
460,1664
460,2000
460,1570
460,1588
460,1612
460,1587
460,1550
461,1977
461,1710
461,1705
461,1876
461,1522
461,1526
462,1577
462,1825
462,1659
462,1832
462,1680
462,1514
462,2052
463,1522
463,1876
463,1542
463,2091
464,1758
464,1983
464,1732
464,1878
464,1678
464,1946
464,2068
464,1765
464,1882
464,1631
464,1905
465,1562
465,1745
465,1875
465,1635
465,1852
465,1516
465,1656
466,1688
466,1911
466,1527
466,1652
466,1754
466,1542
466,1948
467,1567
467,1723
467,1909
467,2077
467,1936
467,1698
467,1547
467,1734
468,1886
468,1582
468,1538
469,1785
469,1901
469,1660
469,1856
469,1752
469,1834
469,1721
470,1631
470,1555
470,1962
470,1758
470,1878
470,1959
470,1765
471,1901
471,1656
471,1900
471,1513
471,1806
471,1602
471,1683
472,1900
473,1883
473,1546
473,1545
473,1668
473,1651
473,1986
473,1997
473,1964
474,1623
474,1886
474,1965
474,1875
474,1849
475,1936
475,1625
475,1558
475,1987
475,1769
475,2056
475,1568
475,1655
475,1626
476,1778
476,1996
476,1580
476,1726
477,1931
477,1643
477,1788
477,1996
477,1541
478,1774
478,1578
478,1979
478,1989
478,1993
479,1535
479,1759
479,1738
479,1722
479,1955
479,1750
480,1561
480,1821
480,1656
480,1901
480,1677
480,1643
480,1584
481,2052
481,1753
481,1514
481,1866
482,1984
482,1698
482,1583
482,1613
482,1555
483,1614
483,1684
483,1814
483,1576
483,1997
483,1872
483,1670
483,1703
483,1916
483,2085
483,2080
484,1711
484,1787
484,1931
484,2064
484,2091
484,2075
485,1811
485,1989
485,1979
485,1901
485,1886
485,1799
485,1717
485,1692
485,1993
485,1965
486,1694
486,1786
486,2085
486,1811
486,1629
486,1709
486,2059
486,1806
486,1656
487,1774
487,1540
487,1979
487,1515
487,1993
487,1989
488,1631
488,1765
488,1758
488,1878
488,2068
488,1962
489,1618
489,1774
489,1993
490,1728
490,1569
490,1689
490,1787
490,1742
490,1572
491,1712
491,1651
491,1948
491,1503
491,1543
492,1581
492,1827
492,1949
492,1811
492,1717
492,1885
492,1900
492,1889
492,1656
492,1901
493,2067
494,1551
494,2023
494,1756
494,1758
494,2068
494,1555
494,2072
494,2051
494,1780
494,1625
494,1655
495,2003
495,2041
495,2011
495,1726
495,1752
495,1721
495,1856
496,1621
496,2039
496,1905
496,1882
496,1638
496,1697
496,1732
496,2004
496,1983
496,1846
496,1743
496,1996
496,1789
496,1908
496,2014
496,1946
497,1575
497,2015
497,1851
497,1987
497,1602
497,1561
497,1683
497,1611
497,1801
497,1858
497,1619
498,2043
498,1986
498,1869
498,1600
498,1964
498,1798
498,1667
498,1745
498,1668
498,1889
498,2024
498,2041
499,1774
499,1989
500,2006
500,1993
500,1714
500,1591
500,1902
500,1618
500,1774
500,1979
501,1962
501,1995
501,1575
501,1611
501,1631
501,1765
501,1758
501,2015
501,1555
502,2081
502,1537
502,1760
502,2069
502,1819
502,1632
502,1877
502,2035
502,1606
503,1613
503,1984
503,2011
504,1714
504,1876
504,1580
504,2091
504,1513
504,1619
504,1602
504,1561
505,1936
505,1698
505,2070
505,1984
505,1655
505,1909
505,1613
506,1872
506,1899
506,1698
506,1909
506,1745
506,1984
506,2094
507,1962
507,1765
507,1758
507,1555
507,2068
507,1631
507,1878
508,1993
508,1692
508,1705
508,1891
508,1578
508,1876
508,1823
508,2052
509,2077
509,1548
509,1578
509,2006
509,1978
509,1555
509,1902
509,1979
510,1697
510,2004
510,1857
510,1905
510,1846
510,1946
510,1736
510,1789
511,1912
511,1717
511,1799
511,1611
511,2015
511,1901
512,1758
512,1905
512,1846
513,2061
513,1658
513,1996
513,1966
513,1936
513,1698
513,1984
513,1625
513,1931
513,1621
513,1908
513,2070
514,1570
514,1621
514,1734
514,1513
514,1682
514,1908
514,1610
514,1602
514,1966
514,1723
514,1743
515,1825
515,1866
515,2052
515,1758
516,2043
516,1758
516,1889
517,1993
517,1989
517,1578
517,1540
517,1891
517,1618
517,1692
517,1979
517,1774
517,1548
517,1515
518,1741
518,2098
518,1582
518,1834
518,1723
518,1886
518,1819
518,1785
518,1660
518,2064
519,2084
519,1784
520,1878
520,1978
520,1940
521,2084
521,1945
521,2070
521,1536
521,1689
521,2040
521,1860
521,1625
521,1747
521,1698
521,1541
521,1604
522,1537
522,1782
522,1632
522,1954
522,2007
522,1720
522,1819
523,1541
523,2040
523,1783
523,1821
523,1526
523,1645
523,2053
523,1522
523,1716
523,1977
524,1866
524,1865
524,2052
524,1610
524,1633
525,1996
525,1682
525,1623
525,2087
525,1683
525,1966
525,1886
525,1836
525,1658
525,2061
526,2052
526,1633
526,1514
526,1814
526,2067
526,1823
526,1832
526,1865
526,1862
526,1825
527,1614
527,1633
527,2085
527,1822
527,1835
528,1997
528,1500
528,1670
528,1659
528,1626
528,1546
528,1681
528,1578
528,1588
528,1774
528,1548
529,1847
529,1882
529,1946
529,1983
529,1566
529,1732
529,1789
529,1905
529,1714
529,1638
530,1984
530,1698
530,1581
530,1949
530,1956
530,1909
530,1985
530,1885
530,1808
530,1613
531,1734
531,1644
531,1788
531,1946
531,1687
531,1614
532,1677
532,1945
532,1734
532,2056
532,1567
532,1659
533,1687
533,1822
533,1915
533,2052
533,1614
533,1755
533,2085
533,1835
533,2021
534,1613
534,1698
534,1909
534,1984
534,1655
534,1936
534,1625
535,1818
535,1917
535,1727
535,1574
535,1753
535,1651
535,1669
536,1592
536,1588
536,1517
536,2052
537,1978
537,1808
537,1900
537,1811
537,1818
537,1985
537,2006
537,1557
537,1885
537,1901
538,2084
538,1806
538,1900
539,1996
539,1931
539,1513
539,1619
539,1602
539,1966
539,2014
539,1714
539,1561
539,1580
539,1621
540,1975
540,2010
540,1818
540,2096
541,1734
541,2062
541,1538
541,1748
541,1644
541,1610
542,2056
542,1866
542,1610
542,1997
542,1633
542,1865
542,1680
542,1734
542,1602
543,1997
543,1936
543,2085
543,1984
543,2007
543,1613
543,1698
544,1566
544,2004
544,1882
544,2062
544,1734
544,1610
544,1946
545,1580
545,1796
545,1658
545,1623
545,1966
546,1919
546,1752
546,1612
547,1660
547,1606
547,2007
548,1732
548,1946
548,1882
548,1905
548,1638
548,1736
549,1916
549,2070
549,1698
549,1984
549,1613
550,1745
550,1814
550,1786
550,1555
550,1758
550,1975
550,1685
550,1631
551,1626
551,2069
551,1877
551,1731
551,1547
551,2064
551,1869
551,1986
552,1521
552,1750
552,1645
552,1876
552,1695
552,1646
552,1675
552,1829
552,2091
552,1722
552,1705
553,1745
553,1669
553,1786
553,1753
553,1554
553,2078
553,1957
553,1699
553,1685
553,1978
553,1749
554,1780
554,1611
554,1912
554,2024
554,2065
555,1993
555,1618
555,1774
555,1979
555,1578
555,2021
555,2085
555,1540
555,1891
556,1829
556,1893
556,1646
556,1698
556,1750
556,1955
557,1592
557,1714
557,1681
557,1683
557,1964
557,1770
557,1605
557,1545
557,1839
558,1896
558,2075
558,1722
558,1750
558,1521
559,1605
559,1820
559,1733
559,1626
559,1869
559,1656
559,1693
559,1545
560,1598
560,1645
560,2072
560,1532
560,1583
560,1712
560,2085
560,1923
560,1915
561,1638
561,1946
561,1613
561,1698
561,2070
561,1882
561,1789
561,1697
562,1909
562,1984
562,1625
562,1936
562,1698
562,1655
562,1613
563,2015
563,1851
563,1646
563,1695
563,1801
563,1611
563,1575
564,1896
564,1675
564,1933
564,2043
564,1750
564,1646
564,1757
564,1722
564,1738
564,1636
564,1533
565,1513
565,1602
565,1778
565,1683
565,1580
565,1561
565,1714
565,1619
566,1825
566,1569
566,1675
566,1613
566,1738
566,1942
566,2045
567,1822
567,1659
567,1680
567,1614
567,1883
568,1835
568,1655
568,1672
568,2071
568,1609
568,1712
569,1738
569,1695
569,1933
570,1580
570,1513
570,1714
570,1778
570,2011
570,1602
570,1561
571,2085
571,1835
571,1915
571,2021
571,1822
571,1614
571,1519
572,2062
572,1538
572,1610
572,1748
572,1734
572,1644
572,2056
573,2004
573,1570
573,1787
573,1736
573,1689
573,1905
573,1566
573,1587
573,1580
574,2024
574,1856
574,2041
574,1671
574,2011
574,2009
574,1580
574,1890
574,2040
574,2053
574,1752
574,1842
575,1609
575,1607
575,1966
575,1763
575,1853
575,1962
575,1872
575,1743
575,1671
575,1776
576,1614
576,2021
576,1835
577,1780
577,1816
577,1903
577,1542
577,2013
577,1553
577,1992
577,1863
577,1889
578,1623
578,1875
578,1836
578,1582
578,1618
578,1886
578,1849
578,1801
579,1989
579,1979
579,1993
579,1578
579,1866
579,2087
579,1692
579,1865
580,1680
580,1655
580,1909
581,1580
581,1909
581,1655
581,1619
581,1778
581,1546
581,1936
581,1714
581,1613
581,1984
582,1513
582,1683
582,1602
582,1580
582,1584
582,2005
583,1683
583,1806
583,2011
583,1900
583,1714
583,1656
583,1667
583,2003
583,1752
583,1721
584,1525
584,1747
584,1822
584,1620
584,2005
584,2021
585,1948
585,1595
585,1671
585,1614
585,1503
585,2021
585,1853
586,2086
586,1765
586,2045
586,1742
586,1682
586,1796
587,1623
587,1821
587,1582
587,2040
587,1875
587,1849
587,2010
588,1655
588,1936
588,1613
588,1522
588,2091
588,1625
588,1698
588,1977
588,1645
588,1876
589,2069
589,1537
589,1660
589,1782
589,1731
589,1787
589,1632
589,2007
590,1610
590,1734
590,1538
590,1748
590,2020
590,1644
590,1788
590,2063
591,1625
591,1909
591,2070
591,1698
591,1936
591,1655
591,1554
591,1939
591,1776
591,1745
592,2026
592,1966
592,1682
592,1916
592,1635
592,2070
592,1531
592,1745
592,1963
592,1975
592,1661
592,1678
592,1776
593,1555
593,1631
593,1598
593,1962
593,1878
593,1758
593,1757
593,1765
593,2068
594,1778
594,1714
594,1855
594,1556
594,1580
594,1619
594,1602
595,1653
595,1548
595,2013
596,1883
596,1656
596,2091
596,1705
596,1876
596,1901
597,1659
597,1997
597,1577
597,1970
597,1500
597,1670
597,1566
597,1680
598,1949
598,1602
598,1885
598,1933
598,1816
598,1722
599,1823
599,1585
599,1588
599,1641
599,1546
599,1582
599,1832
599,1770
599,2087
600,1640
600,1893
600,1829
600,1738
600,1750
600,1930
600,1757
600,1646
600,1675
601,1984
601,1801
601,1575
601,1936
601,1655
601,1909
601,1917
602,1738
602,1722
602,1686
602,1750
602,1759
602,1930
602,1955
602,1695
602,2036
602,1646
602,1675
602,1893
602,1896
603,2011
603,1856
603,2041
603,1721
604,2015
604,1987
604,1575
604,1611
604,1851
604,1912
605,2024
605,2011
605,1856
605,1726
605,1752
605,2041
605,2003
606,1542
606,1625
606,1613
607,1997
607,1659
607,1546
607,1947
607,1869
607,1670
607,1598
607,1726
607,1643
608,2018
609,1649
609,1964
609,1839
609,1705
609,1645
609,1977
609,1585
609,1546
609,1522
610,1799
610,1900
610,1717
610,1901
610,1806
610,1656
611,1651
611,1683
611,1945
611,1584
611,1883
611,1833
611,1860
611,1919
611,1550
611,1740
612,1878
612,1538
612,1551
612,1631
612,2068
612,2005
612,1758
612,1962
612,2062
612,1734
613,1989
613,1611
613,2052
613,1692
613,1979
613,1993
613,1517
613,2087
614,2024
614,1584
614,1752
614,1821
614,1656
614,1890
614,1811
614,1901
614,1643
615,1734
615,1538
615,2020
615,1567
615,2056
615,2062
616,1866
616,1613
616,1615
616,1891
617,1820
617,1839
617,1592
617,1799
617,1564
617,1681
618,1875
618,1513
618,1570
618,1602
618,1683
618,1886
618,1778
618,1965
618,1619
619,1670
619,1997
619,1883
620,1631
620,1623
620,1671
620,1878
620,1765
620,1962
620,1758
620,1965
621,1670
621,1651
621,1500
621,1680
621,1659
622,1836
622,1678
622,1916
622,1582
623,1660
623,2069
623,2098
623,1799
623,2064
624,1907
624,1780
624,1712
624,2051
624,1609
624,1560
625,1555
625,1656
625,1799
625,1811
625,1901
625,1758
625,1631
626,1621
626,1774
626,1977
626,1705
626,1645
626,1993
626,1548
627,1514
627,1750
627,1866
627,1893
627,1829
627,1759
627,1832
627,1823
627,1695
628,1500
628,1670
628,1659
628,1740
628,1651
628,1997
628,1631
628,1577
628,1947
629,2011
629,1575
629,1752
629,2015
629,1856
629,1788
629,1734
629,1954
629,1851
630,1913
630,1948
630,1780
630,2066
630,1583
630,2018
630,1999
630,1707
631,1613
631,1557
631,1936
631,1758
631,1818
631,2006
631,1762
631,1698
631,1565
632,1555
632,1878
632,1631
632,1959
633,1736
633,1946
633,2004
634,1774
634,1515
634,1978
634,1557
634,1818
634,1565
634,1692
634,1540
634,1902
635,1522
635,1876
635,1926
635,1705
635,1977
635,1526
636,1629
636,1635
636,1802
636,2082
636,2031
636,2094
636,1562
636,1812
637,1852
637,1917
637,1802
637,1557
637,1998
637,2026
637,1727
637,1975
637,1786
638,2005
639,1882
639,1638
639,1905
639,1736
639,1789
639,1697
639,1983
640,1749
640,1702
640,1557
640,1950
640,1920
640,1940
640,1574
641,1900
641,1799
641,1892
641,1752
642,1602
642,1703
642,1714
642,1894
642,1547
642,1987
642,1580
642,1819
642,1834
643,1741
643,1855
643,1646
643,1595
643,1598
643,1712
643,1756
643,2020
643,1542
643,1843
644,1915
644,1651
644,1518
644,1678
644,1852
644,1875
644,2032
644,1670
645,1566
645,1846
645,1638
645,1882
645,1875
646,1900
646,1814
646,1773
646,1786
647,2021
647,1835
647,1915
647,1755
647,2010
647,1614
647,2085
648,1875
648,1774
648,1979
648,1623
648,1515
648,1692
649,1564
649,2005
649,1557
649,1641
649,1839
649,1733
649,1643
649,1592
649,1956
649,1585
649,1681
649,1793
650,1733
650,1681
650,1986
650,1770
650,1500
650,1693
650,1585
651,1835
651,2021
651,1915
651,1614
651,1822
651,1687
651,2085
652,1726
653,2035
653,1612
653,2098
653,1570
653,1753
653,1547
653,1950
653,1906
654,1547
654,1503
654,1712
654,1723
654,1558
654,1568
655,1931
655,1743
655,1621
655,2061
655,2014
655,1682
655,1658
655,1996
655,1781
655,1968
655,2039
655,1796
655,1966
656,1839
656,1592
656,1641
656,1546
656,1668
656,1733
656,1585
656,1820
656,1635
657,1682
657,1759
657,1722
657,1796
657,1646
657,1851
657,1743
658,2015
658,2085
658,1714
658,1801
658,1602
658,1611
658,1683
658,1619
658,1561
659,1621
659,2011
659,1856
659,1726
660,2014
660,1658
660,1996
660,1796
660,2061
660,1966
660,1821
660,1682
660,1743
661,1901
661,1900
661,1806
661,1811
661,1602
662,1711
662,2084
662,1561
662,1749
662,1513
663,1806
663,2003
663,2011
663,1900
663,2024
663,1901
663,1726
663,1811
663,1799
663,1656
663,1721
664,2056
664,2020
664,1882
664,1538
664,1752
664,1638
664,1566
664,1789
664,1856
664,2041
664,1734
664,1721
664,1775
664,1788
665,1954
665,1537
665,2075
665,2007
665,1894
665,2064
665,2091
665,1646
665,1640
665,1660
665,2081
665,1710
665,1722
666,1519
666,2085
666,1885
666,1822
666,1816
666,1889
666,2021
666,1949
666,1687
667,2056
667,1582
667,1623
667,1644
667,1538
667,1734
667,1983
668,1765
668,2068
668,1758
668,1680
668,1555
668,1631
668,1500
668,1651
668,1970
668,1577
669,1772
669,1863
669,1954
669,1968
669,1603
669,2095
669,2093
670,2007
670,1987
670,1731
671,1734
671,2020
671,1538
671,1567
671,1610
671,1779
671,2056
672,2041
672,1968
673,1638
673,1602
673,1882
673,1983
673,1946
673,1846
673,1714
674,1878
674,1631
674,2085
674,1714
674,1915
675,1697
675,1857
675,1983
675,2004
675,1789
675,1946
675,1614
676,1806
676,1893
676,1695
676,1757
677,2099
677,1881
677,1570
677,1796
677,1931
677,1966
677,2015
677,2039
678,1798
678,1722
678,1986
678,1893
678,2052
678,1964
678,1839
679,1645
679,1705
679,1909
679,1806
679,1811
679,1656
679,1522
680,1678
680,1814
680,1661
680,1699
680,1790
680,1541
680,1906
680,1562
681,1885
681,1600
681,2062
682,1670
682,1633
682,2072
682,2074
682,1817
682,1820
682,1558
683,1555
683,1758
683,1962
683,1631
683,1878
683,1959
683,2068
683,1765
684,2021
684,1822
684,1614
684,1835
684,1755
685,1946
685,1957
685,1638
685,1702
685,1566
685,1881
686,1664
686,1986
686,2064
686,1588
686,2084
687,1522
687,1598
687,1876
687,2075
687,1645
687,1977
687,1526
687,1705
688,1513
688,1683
688,1796
688,1580
688,1714
689,1705
689,1741
689,1645
689,2077
689,1877
689,2075
689,1902
689,1917
689,1954
689,1670
690,1736
690,1697
690,1857
690,1602
690,1882
690,1946
690,1789
691,1885
691,2009
691,1585
691,1806
691,1799
691,1656
691,1816
691,1811
692,1738
692,1656
692,1886
692,1901
692,1829
692,1875
693,1619
693,1774
693,1954
693,1540
693,1602
693,1548
693,2081
693,1993
694,2053
694,1500
694,2009
694,1525
694,1883
694,1997
694,1670
695,1814
695,1504
695,1763
695,1694
695,1922
695,1910
695,1899
695,1554
695,2080
696,1611
696,1851
696,1698
696,1909
696,1876
696,1912
696,1705
696,1984
696,1575
697,1985
697,2014
697,1796
698,1692
698,1891
698,1618
698,1993
698,1540
698,1979
698,1989
698,1578
698,1774
698,1548
698,1515
699,1774
699,1909
699,1936
699,1613
699,1618
699,1515
699,1891
699,1625
700,1677
700,1890
700,1584
700,1541
700,1906
700,2053
701,1538
701,1760
701,1856
701,1632
702,1623
702,1875
702,1836
702,1582
702,1886
702,1849
703,1909
703,1984
703,1574
703,1912
703,1613
703,2004
703,1542
703,1701
703,1978
703,1881
703,1698
704,2024
704,1896
704,1757
705,1555
705,1542
705,1962
705,1631
705,1959
706,1584
706,1625
706,1909
706,1613
706,1525
706,2070
706,1783
706,1752
706,1821
706,1541
707,1658
707,1621
707,1885
707,1741
707,1996
707,1908
707,1743
707,2061
707,1966
708,1790
708,1699
708,1531
708,1750
708,1542
708,1773
708,1930
708,1567
708,1734
708,1814
708,1829
708,1942
708,1530
709,1892
709,2024
709,1640
709,1726
709,1721
710,1882
710,1682
710,2004
710,1566
710,2014
710,1658
710,1714
710,1580
711,1542
711,1609
711,1583
711,1586
711,2072
712,1561
712,1912
713,1978
713,1700
713,1927
713,1902
714,2003
714,1726
714,2041
715,1984
715,1698
715,2070
715,1752
715,1985
715,1909
715,1933
715,1600
715,1885
715,1625
715,2041
716,2000
716,1660
716,1811
716,2069
716,1784
716,1819
716,2064
716,1604
716,1698
716,1742
716,1782
716,1909
716,1655
716,2099
716,1984
717,1784
717,1858
717,1983
717,1638
717,1689
717,1905
717,1742
718,1964
718,1632
718,1909
718,2007
718,1720
718,2079
719,1984
719,1945
719,1677
719,2009
719,1655
719,1625
719,2074
719,1909
720,1788
720,1783
720,2062
720,2005
721,1726
721,2003
721,1902
721,2006
721,1575
721,1611
721,1912
722,2006
722,1565
722,1886
722,1978
722,1557
722,1936
722,1957
722,1753
722,1842
723,1959
723,1962
723,1987
723,1631
723,1611
723,1575
723,1555
723,2015
723,1723
723,1765
723,1912
723,1758
724,1635
724,1872
724,2082
724,1701
724,2028
724,1714
724,1580
724,1683
724,1763
724,1802
724,1561
725,1887
725,1845
725,1560
725,1551
725,2051
726,1734
726,1515
726,1610
726,1993
726,1548
726,1989
727,1635
727,1882
727,1638
727,1709
727,1631
727,2068
727,1967
727,1700
727,1697
727,1905
728,1997
728,1759
728,1829
728,1500
728,1626
728,1893
728,1955
728,1521
728,1651
729,1623
729,1886
729,1836
729,1875
729,1582
729,1965
729,1849
730,1763
730,1946
730,2015
730,1987
730,1575
730,1851
730,1977
730,1857
731,1656
732,1905
732,1768
732,1697
732,1872
732,1685
732,1886
732,1983
732,1875
733,1936
733,1698
733,1584
733,1822
733,1687
733,1614
733,1945
733,1677
733,1821
733,1835
734,1602
734,1794
734,1632
734,1630
734,2098
734,2004
735,1584
735,1514
735,1832
735,2053
736,1846
736,2004
736,1882
736,1736
736,1789
736,1566
736,1946
737,1931
737,1582
737,1632
737,2061
737,1834
737,2035
737,1623
737,1886
737,1875
737,1682
737,1966
737,1968
738,1683
739,2077
739,1610
739,1683
739,1632
739,1968
739,1723
740,1875
740,1959
740,1631
740,1765
740,1623
740,1555
740,1878
740,1758
740,1582
740,1962
741,1786
741,1835
741,1576
741,1939
742,1903
742,1745
742,2032
742,1814
742,1802
742,1773
742,1504
742,1684
743,2024
743,1726
743,1752
743,1610
743,1538
743,1667
743,2011
743,1734
743,2003
743,1618
743,2063
743,2056
743,2041
743,1856
744,2052
744,1902
744,1633
744,1866
744,2087
744,1750
745,2056
745,1734
745,1538
745,1958
745,1886
745,1875
745,1610
745,1623
746,1977
746,1901
746,1653
746,1517
746,2052
746,1995
746,1960
746,1665
747,2084
747,1538
747,2056
747,1567
747,1734
747,1644
748,1829
748,1722
748,1640
748,1893
748,1646
749,1602
749,1580
749,1619
749,1513
749,1683
749,1714
750,1931
750,1542
750,2013
750,2058
750,2091
750,1960
750,1977
750,1639
750,1797
750,1522
751,2066
751,1586
751,1938
752,2041
752,2024
752,1856
752,1752
752,2011
752,1721
752,2003
752,1726
752,1890
753,1548
753,1789
753,2068
753,1946
753,1638
753,1882
753,1736
753,1846
753,2004
754,1940
754,2006
754,1749
754,1596
754,1950
754,1683
754,1920
754,1557
755,1891
755,2007
755,2069
755,1548
755,2093
755,1894
756,2000
757,1931
757,1578
757,1945
757,2061
757,1891
758,1546
758,1736
758,1820
758,1626
759,1934
759,1731
759,1632
759,2007
759,1968
759,2069
759,1606
759,2064
759,2098
760,1876
760,1526
760,1917
760,1645
760,2091
760,1522
761,1987
761,2015
761,1801
761,1575
761,1611
761,1912
761,1851
761,1989
762,1631
762,1614
762,1721
762,1782
762,1968
763,1891
763,1695
763,1993
763,1774
763,1989
763,1979
764,1984
764,1655
764,1625
764,1909
764,1613
764,2070
764,1698
764,1936
765,1721
765,1698
765,1581
765,1602
765,1519
765,2070
765,1822
766,1531
766,1970
766,1635
766,1768
766,1651
766,1527
766,1824
766,1802
766,1951
766,1883
767,1912
767,1625
767,1758
767,1962
767,2015
767,1655
767,1909
767,1851
767,1631
767,1765
768,1984
768,1625
768,1698
768,1613
768,1655
768,1936
768,2070
768,1909
769,1731
769,2007
769,1606
769,1547
769,2098
769,1720
769,2064
770,1945
770,1774
770,1993
770,1821
770,2053
770,1525
770,1515
770,1891
770,1618
770,2040
770,2009
770,1578
771,1555
771,1765
771,1549
771,1962
771,2095
771,2066
771,1583
772,1692
772,1846
772,1618
772,1979
772,1540
772,1578
772,1548
772,1774
772,1758
772,1736
772,1878
772,1882
773,2003
773,1721
773,2024
773,1752
773,1667
773,1890
774,1801
774,1993
774,1849
774,1774
774,1623
774,1989
774,1851
775,1846
775,1646
775,1893
775,1750
775,1882
775,1789
775,1896
775,1732
775,1738
775,1521
775,1829
775,1675
775,1946
776,1752
776,2024
776,2003
776,1726
776,2041
776,1856
776,2011
777,1876
777,1526
777,1799
777,1705
777,1645
777,1901
777,1522
777,1811
777,2091
778,1827
778,1636
778,2015
778,1987
778,1808
778,1985
778,1912
778,2043
778,1885
778,1949
779,1726
779,1909
779,1685
779,2003
779,1856
779,1752
779,2011
780,1734
780,1942
780,1572
781,1915
781,2045
781,2099
781,1742
781,2027
781,1919
781,2021
781,1833
781,1608
781,1871
781,2084
782,1806
782,1851
782,1541
782,1611
782,2015
782,1901
782,1811
783,1829
783,1738
783,1782
783,1796
783,1759
783,1806
784,2093
784,1877
784,2037
784,1977
784,1547
784,1645
784,1710
784,1606
785,1901
785,2041
785,1717
785,1546
785,1839
785,1592
785,1656
785,1986
785,1806
785,1770
785,1869
786,1789
786,1946
786,1882
786,1983
786,2004
786,1905
786,1736
786,1857
787,1619
787,1796
787,1682
787,1515
787,1578
787,1561
787,1966
787,1618
787,1548
788,1582
788,1580
788,1886
788,1966
788,1996
788,1682
788,1796
788,1658
788,1743
789,1962
789,1758
790,1548
790,1515
790,1891
790,1979
790,1989
790,1618
790,1993
790,1692
790,1578
790,1540
790,1774
791,1702
791,1950
791,1753
791,1902
791,1762
791,1818
791,1957
792,1606
792,1907
792,2023
792,1560
792,1571
792,1594
792,1938
792,1867
792,1815
793,1736
793,1734
794,1594
794,2095
794,2069
794,1984
794,1924
794,1780
794,1936
794,1613
794,1754
794,1560
794,1767
795,1987
795,1912
795,1575
795,1578
795,2015
795,1851
795,1801
796,1762
796,2000
796,1731
796,2041
796,1936
796,1574
796,1998
796,1726
796,1749
797,1587
797,1919
797,1942
797,1689
797,1570
798,2067
798,1578
798,1989
798,1692
798,2052
798,1993
799,1877
799,2007
799,1659
799,1741
799,2035
799,1883
799,1947
799,1606
800,1676
800,1931
800,1658
800,1996
800,2014
800,2039
800,2061
800,1796
801,2085
801,1822
802,1931
802,2061
802,1682
802,1658
802,1966
802,1956
802,2039
802,1808
802,1996
803,1621
803,1985
803,1658
803,2057
803,1636
803,1889
803,1931
803,1885
803,2039
803,1600
803,2014
804,1978
804,1818
804,1762
804,1557
804,1902
804,1920
804,1957
804,1950
804,1917
804,1727
805,1977
805,1811
805,1905
805,1946
805,1697
805,1717
805,1900
805,1799
805,2004
805,1656
805,1882
806,1658
806,1796
806,1682
806,1966
806,2061
806,2000
806,1908
806,1996
806,2039
806,1743
806,1621
807,1909
807,1698
807,1625
807,2070
807,1613
807,1936
808,1997
808,1970
808,1670
808,1740
808,1680
808,1651
808,1659
808,1947
808,2068
809,1733
809,1584
809,1610
809,1538
809,1585
809,1588
809,1546
809,2010
810,1984
810,1613
810,2070
810,1698
810,1936
811,1513
812,1915
812,1580
812,2085
812,1683
812,1602
813,1600
813,1933
813,1793
813,1816
813,1985
813,1533
813,1636
813,1827
813,1885
813,1889
814,1743
814,2014
814,2052
814,1514
814,2061
815,2006
815,1920
815,1984
815,1557
815,1978
815,1749
815,1950
815,1753
815,1669
815,1936
815,1625
816,1822
816,1825
816,1866
816,2087
816,1755
816,1896
817,1623
817,1891
817,1655
817,1989
817,1836
817,1979
818,1600
818,1816
818,1885
818,1985
818,1889
818,1793
818,2043
819,1975
819,2067
819,1832
819,2052
820,2077
820,1592
820,1626
820,1681
820,2064
820,1641
821,1618
821,1578
821,1774
821,1540
821,1993
821,1891
822,2041
822,2072
822,1761
822,1965
822,1875
822,1623
822,1506
822,1905
822,1582
822,2056
823,2042
823,1504
823,1921
823,1802
823,1546
824,1677
824,1835
824,2010
824,2009
824,2085
824,1614
824,2021
824,1755
824,1716
825,1950
825,1741
825,2007
825,2006
825,1702
825,1940
825,1512
825,1753
825,2069
825,1782
826,1636
826,2019
826,1936
826,2077
826,1613
826,1606
826,1581
826,1698
826,1625
826,2070
827,1856
827,1721
827,2024
827,1890
827,2003
827,2041
828,1822
828,1915
828,1734
828,1687
829,1996
829,1683
829,1743
829,1513
829,1619
829,1778
829,1714
829,2061
829,1682
829,1658
829,1781
830,1821
830,1677
830,2010
830,1951
830,1889
831,1986
831,1806
832,1892
832,1711
832,2000
832,1659
832,2097
833,1734
833,1644
833,1538
833,1567
833,1610
833,2020
833,2011
834,1633
834,1979
834,2009
834,2087
834,1578
834,1525
834,1618
834,1563
835,1934
835,1734
835,2093
835,2074
835,1782
836,1979
836,1787
836,1618
836,1989
836,1971
836,1774
836,1878
836,1608
836,1631
836,1523
836,2068
837,1946
838,1525
838,1734
838,2020
838,2009
838,1860
838,1654
838,1538
838,1677
838,1610
839,1555
839,1631
839,1987
839,1611
839,1912
840,1588
840,1585
840,1869
840,1546
840,1626
840,1986
840,1820
840,1770
840,1649
840,1839
840,1681
840,1592
840,1693
841,1629
841,1562
841,1899
841,2026
841,1529
841,1921
841,1786
841,1701
842,1883
842,1997
843,1623
843,1659
843,1965
843,1877
843,1547
843,1500
843,1616
843,2069
844,1915
844,2085
844,1835
844,1822
844,1614
844,1755
844,2021
844,1687
845,1885
845,1985
845,1949
845,1816
845,1889
845,1808
845,2043
845,1933
845,2022
845,1600
846,1758
846,1959
846,1555
846,1734
846,2056
846,1631
846,1610
847,1731
847,1875
847,1886
847,1855
848,2091
848,1522
848,1683
848,1645
848,1977
848,1710
849,2061
849,1682
849,1621
849,1743
849,1931
849,1966
849,2014
849,1996
849,2039
849,1658
849,1796
850,1816
850,1956
850,1889
850,1949
850,1533
850,2043
851,1517
851,2052
851,1865
851,1514
851,1832
851,1825
851,1866
851,1823
851,1633
851,2067
852,1578
852,1890
852,1774
852,1548
852,1993
852,2041
853,1806
853,1883
853,1500
853,1900
854,1875
854,1886
854,1849
854,1582
854,1965
854,1836
855,1625
855,1698
855,1651
855,1883
855,1997
855,1909
855,1577
855,1680
855,1714
856,1780
856,1736
856,1732
856,1983
856,1638
856,1789
856,1566
856,1946
856,1846
857,1900
857,1866
857,1806
857,1619
857,1811
857,1561
857,2052
857,1717
857,1832
857,1714
857,1683
858,1672
858,1748
858,1623
858,2020
858,1758
858,1886
858,1644
858,1734
859,1698
859,1623
860,1618
860,1578
860,1540
860,1682
860,1996
860,1658
860,1979
860,1515
860,1743
860,1966
861,1886
861,1875
862,1983
862,1806
862,1656
862,2024
863,1723
863,1760
863,1741
863,2069
864,1824
864,1745
864,1975
864,1629
864,1872
864,1768
864,1576
865,1689
865,1846
865,1946
865,1789
865,1882
865,1692
865,1566
865,1638
865,1732
865,1697
866,1806
866,1656
866,1901
866,1717
866,1986
866,1900
867,1917
867,2066
867,1557
867,1998
867,2072
867,1817
867,1867
867,1940
868,1726
868,2011
868,2041
868,2003
868,2024
868,1856
868,1752
869,1698
869,1984
869,1613
869,2070
869,1655
869,1909
870,2056
870,1670
870,1915
870,1788
870,1610
870,1806
870,2020
871,1541
871,1858
872,2011
872,2041
872,1726
872,1721
872,1752
872,1890
872,1667
873,1965
873,1623
873,1886
873,1547
873,1849
873,1582
873,2024
873,1626
874,1611
874,1801
874,1575
874,1799
874,1987
874,2015
874,2068
874,1912
874,1851
875,2053
875,1525
875,1856
875,1906
875,1584
875,2010
875,1620
875,2040
876,2041
876,1681
876,1856
876,1882
877,1600
877,1726
877,1721
877,2003
877,1889
878,1702
878,1762
878,1585
879,1752
879,1687
879,2011
879,2069
879,1721
879,1966
879,1658
879,1755
879,2041
880,2060
880,1667
880,1565
880,2006
880,1753
881,1574
881,2006
881,1582
881,1950
881,1866
881,1623
881,1512
881,1753
881,1875
881,1836
881,1957
881,1633
881,1596
881,2067
882,2066
882,1884
882,1503
882,1611
882,1780
882,2074
882,2015
883,1651
883,1538
883,1801
883,2015
884,1558
884,1948
884,1744
884,2066
884,2065
884,1867
884,1723
885,2056
885,1788
885,1614
885,1918
885,2021
885,2085
885,1734
885,1755
885,1822
885,2052
886,1970
886,1833
886,1621
886,1689
886,1670
887,1977
887,1645
887,1705
887,1876
887,2091
887,1522
887,1710
888,1670
888,1947
888,1651
888,1997
888,1970
888,1984
888,1659
888,1577
889,1997
889,1680
889,1736
889,1651
889,1638
889,1789
889,2004
889,1577
889,1566
889,1670
889,1846
889,1983
890,1523
890,2045
890,1570
890,1689
890,2097
890,1971
890,1858
890,1787
890,2030
890,1880
891,1618
891,1548
891,1774
892,2005
892,2009
893,1984
893,1638
893,1789
893,2070
893,1936
893,2085
894,1543
894,1598
894,1995
894,1555
894,1679
894,1853
895,1646
895,1886
895,1949
895,1809
895,1930
895,1829
895,1600
895,1722
896,1525
896,1793
896,2009
896,1747
896,1949
896,1816
896,1620
896,1889
896,1945
897,1597
897,2076
897,1898
897,2051
897,2018
897,1923
898,1620
898,1670
898,1698
898,1525
898,1584
898,1972
898,1587
898,1572
898,1570
898,1784
899,1866
899,1823
899,1514
899,1578
899,2067
899,2052
899,1862
899,1517
899,1865
900,1869
900,1733
900,1875
900,1836
900,1839
900,1770
900,1820
900,1965
900,1585
900,1546
901,1857
901,1946
901,2004
901,1882
901,1732
901,1789
901,1566
901,1847
901,1983
901,1697
902,1739
902,2090
902,1601
902,1684
902,1736
903,1987
903,1645
903,1801
903,1705
903,2015
903,1876
904,1774
904,1993
904,1989
904,1891
904,1515
904,1618
904,1979
904,1548
904,1692
905,1774
905,1633
905,1866
905,1692
905,1548
905,1515
906,1758
906,1878
907,1629
907,2094
907,1876
907,1635
907,2031
907,1814
907,1799
907,1802
908,1821
908,1538
908,1677
908,1945
908,2053
908,1788
908,1855
908,1742
909,2041
909,2024
909,1856
909,2011
909,1752
909,1726
909,1721
909,1629
910,1619
910,1714
910,1561
910,1660
910,1723
911,1698
911,1885
911,1636
911,1533
911,1936
911,1909
911,2070
911,1613
911,1889
911,1984
911,1949
912,1789
912,1905
912,1529
912,1619
912,1631
912,1975
912,1776
912,1607
912,1531
912,1946
913,1983
913,1994
913,1882
913,1889
913,1732
913,1789
913,1885
913,1827
913,1566
913,1638
913,1815
913,1736
914,1625
914,1613
914,1645
914,1876
914,1886
914,1655
914,1623
914,1936
914,1698
914,1984
915,2011
915,2041
915,1758
916,1856
916,1896
916,1955
916,2011
916,1893
916,2024
916,1521
917,1902
917,1856
917,1759
917,1957
917,1574
917,1727
918,1915
918,1755
918,1687
918,1936
918,1613
918,2070
918,1909
918,1822
918,1625
919,2052
919,1811
919,2067
919,1806
919,1656
920,2086
920,1854
920,1979
920,1788
920,2030
920,1610
920,1540
920,1689
920,2056
920,1918
920,1578
920,1919
920,1618
920,1548
921,1636
921,1985
921,1600
921,1809
921,1885
921,1949
922,1651
922,1975
922,1947
922,1504
923,1752
923,1514
923,2011
923,1659
923,1734
923,2041
923,1680
923,1500
923,1890
924,1950
924,1611
924,1912
924,2015
924,1987
924,1575
924,1851
925,1736
925,1546
925,1585
926,1876
926,1683
926,1705
926,1977
926,1645
926,2062
926,1734
927,2015
927,1987
927,1611
927,1801
927,1575
927,1851
927,1912
927,1560
928,1651
928,1670
928,1970
928,1883
929,1678
929,1916
929,1921
929,1802
929,1764
929,1745
930,1878
930,2011
930,1656
930,1631
930,1959
930,1799
930,1965
930,2041
930,1780
930,1726
930,1856
930,1962
930,1806
930,1721
930,1811
931,1832
931,2052
931,1862
931,1710
931,2091
931,1514
931,1645
931,1823
932,1931
932,1582
932,1611
932,1801
932,1682
932,1996
932,1886
933,1734
933,2020
933,2056
933,1567
933,1610
933,1538
933,1644
933,1918
934,1979
934,1577
934,1557
934,1651
934,1670
934,1989
934,1762
935,1687
935,1822
935,1614
935,1915
935,2085
936,1572
936,1556
936,1618
937,1945
937,2005
937,1620
937,2040
937,2009
938,1602
938,1555
938,1962
938,1683
938,1631
938,1580
938,2068
938,1561
939,1677
939,1821
939,1643
939,1906
939,1625
939,1945
939,1881
939,1698
939,2005
939,1747
939,1584
940,1572
940,2056
940,1604
940,1723
941,1557
941,1596
942,1717
943,1567
943,1734
943,2020
943,2056
943,2062
943,1538
943,1644
944,1504
944,1901
944,1759
944,1635
944,2031
944,1806
944,1738
945,1513
945,1561
945,1714
945,1580
945,1619
945,1778
945,1683
946,2075
946,1970
946,2052
946,1514
946,2067
946,1670
946,1633
946,1500
946,1832
946,1522
946,1883
947,1636
947,1946
947,1983
947,1882
947,1600
947,1933
947,1846
947,1736
947,1905
947,1985
947,1566
947,1816
948,1830
948,1871
948,1826
948,2030
948,1680
948,2057
948,1753
948,1651
948,1947
948,1881
949,1714
949,1602
949,1580
949,1561
949,1619
949,1683
949,1513
949,2062
949,1734
950,1743
950,1773
950,1763
950,1629
950,2094
950,2021
950,1554
950,1983
950,1700
950,1621
950,1682
950,1946
950,1908
951,1523
951,2011
951,1979
951,1856
951,1872
951,2097
952,1651
952,1876
952,1748
952,2062
952,1567
952,2094
952,2026
953,1619
953,1561
953,1714
954,1767
954,1811
954,1875
954,1949
954,1946
954,1600
955,1537
955,1947
955,1723
955,1819
955,1782
955,2007
955,1656
955,1900
956,1544
956,1907
956,1571
956,1867
956,1853
956,1594
956,1595
956,1670
956,1630
956,1615
957,1860
957,1500
957,1525
957,1680
957,2040
957,1993
957,1651
958,2071
958,1707
958,1938
958,1853
958,1573
958,2041
958,1752
958,1751
958,1780
958,2023
958,1806
958,1506
958,1598
958,1863
959,1781
959,1538
959,1640
959,1644
959,1610
959,1950
959,2020
959,1567
959,1734
960,2069
960,2007
960,2098
960,1968
960,1537
960,1632
960,1606
961,1614
961,1822
961,1947
961,2085
961,1997
962,1996
962,1658
962,1682
962,1575
962,2061
962,1743
962,1908
962,1912
962,1611
962,2014
962,2015
962,1676
962,1987
963,1655
963,1613
963,1814
963,1698
964,1866
965,1606
965,2021
965,1632
965,1805
965,1835
965,1687
965,2007
965,1822
965,1660
966,1504
966,1698
966,2088
966,1714
966,1936
967,1774
967,2051
967,1578
967,1989
967,1548
967,1891
967,1692
967,1515
967,1540
967,1618
967,1647
967,1993
968,1640
968,1930
968,1876
968,1550
968,2030
968,1896
968,1675
969,1631
969,1806
969,1765
969,1878
969,1555
970,1886
970,1906
970,1755
970,1945
970,1563
971,1849
971,1836
971,2074
971,1886
971,1623
971,1582
972,1918
972,1567
972,1801
972,1734
972,2015
972,1912
972,1538
972,1611
972,1644
973,2011
973,2003
973,1993
973,2024
973,1979
973,1515
973,1774
973,1726
973,1540
973,2041
974,1591
974,1902
974,1920
974,1881
975,1581
975,1636
975,1885
975,1949
975,1533
975,1600
975,1816
975,1933
975,1985
975,1534
975,1808
975,2022
975,1827
976,1554
976,1904
976,2099
976,1742
976,1536
976,1678
976,1738
977,1625
977,2070
977,1613
977,1909
977,1698
977,1984
977,1655
977,1936
978,1667
978,2041
978,2024
979,1515
979,1891
979,1774
979,1540
979,1989
979,1993
979,1979
979,1692
979,1618
979,1548
980,2070
980,1936
980,1984
980,1655
980,1698
980,1613
980,1909
981,1689
981,1556
981,2064
981,1570
981,1894
981,1855
982,1645
982,1876
982,1522
982,1977
982,2091
982,1526
982,2075
982,1705
983,1606
983,2069
983,2039
984,1695
984,1896
984,1750
984,1640
985,1606
985,1822
985,1537
985,2081
985,1741
985,1755
985,1979
986,1866
987,1645
987,1526
987,1515
987,1977
987,1774
988,1591
988,1631
988,1557
988,1931
988,2014
989,1847
989,1946
989,1983
989,1566
989,1789
989,1638
989,1736
989,1882
989,2004
989,1978
989,1732
990,1920
990,1826
990,1998
990,1541
990,1917
990,1978
990,2040
990,2005
990,1872
990,1525
990,1950
990,1821
990,1902
991,1958
991,1992
991,1890
991,2076
991,1856
991,1607
991,1561
991,1778
992,1538
993,1637
993,1527
993,1799
993,1542
993,1843
993,2013
993,2034
993,1652
994,1808
994,1956
994,1614
994,1534
994,1949
994,1885
994,1827
994,2043
994,1816
994,1985
994,1600
995,1996
995,1743
995,2014
995,1682
995,1658
996,1554
996,1984
996,1818
996,1776
996,2006
996,1613
996,1909
996,1940
996,1655
996,1749
996,1802
996,1669
997,2043
997,1820
997,1964
997,1546
997,1626
997,1592
997,1581
997,1816
998,2097
998,2052
998,1608
998,1517
998,1570
998,1866
998,1556
998,1689
998,1942
998,1813
998,1858
998,1633
999,1568
999,1542
999,1744
999,1770
999,1560
999,2024
999,1600
999,1774
999,2041
1000,1623
1000,1866
1000,1886
1000,1823
1000,1875
1000,2052
1000,1582
1000,2087
1000,1965
1000,1578
1001,1710
1001,1604
1001,1977
1001,2057
1001,1972
1001,1742
1001,1971
1001,1705
1001,2091
1001,1645
1001,1778
1001,1570
1001,1876
1001,1711
1002,1717
1002,1580
1002,1869
1002,1900
1002,1668
1002,1649
1002,1901
1002,1585
1002,1546
1002,1656
1002,1806
1002,1811
1002,1964
1003,1965
1003,1585
1003,1582
1003,1839
1003,1546
1003,1875
1003,1770
1003,1886
1003,1986
1004,1984
1004,1651
1004,1670
1004,1883
1004,1625
1004,1611
1004,1655
1004,1936
1004,1987
1005,1832
1005,1692
1005,1979
1005,2085
1005,1782
1006,1644
1006,1734
1006,2020
1006,1763
1006,1610
1006,1567
1006,1918
1006,1748
1006,2056
1006,2062
1007,1721
1007,2024
1007,2041
1007,2011
1008,1509
1008,1853
1008,1542
1009,2012
1009,1606
1009,1977
1009,1877
1009,1954
1009,2069
1009,1931
1009,1723
1009,2057
1009,1689
1009,1537
1009,1787
1010,1856
1010,2015
1010,1976
1010,1726
1010,1752
1010,2041
1010,1801
1010,1987
1010,1575
1011,1836
1011,1582
1011,1886
1011,1623
1011,1875
1011,1849
1012,1700
1012,1975
1012,1773
1012,1839
1012,1912
1012,1928
1012,1511
1013,1936
1013,1856
1013,1752
1013,2003
1013,1625
1014,2021
1014,2000
1014,1514
1014,1915
1015,1591
1015,1596
1015,1656
1015,1818
1015,1811
1015,1727
1015,1978
1015,1557
1016,1773
1016,1727
1016,1562
1016,1629
1016,2094
1016,1576
1016,1799
1016,1802
1016,1811
1016,1531
1016,1975
1016,1574
1017,1882
1017,2004
1017,1789
1017,1905
1017,1638
1017,1736
1017,1846
1017,1983
1017,1566
1018,1714
1018,1625
1018,1587
1018,1554
1018,1698
1018,1655
1018,1936
1018,1858
1018,1787
1018,1914
1018,1909
1019,1774
1019,1989
1019,1692
1019,1649
1019,1578
1019,1979
1019,1618
1019,1891
1019,1548
1019,1993
1020,1869
1020,1858
1020,1550
1020,1964
1020,1693
1020,1839
1020,1942
1020,1592
1020,2057
1021,1881
1021,1720
1021,2069
1021,1731
1021,1660
1021,1902
1022,1578
1022,1989
1022,1979
1022,2085
1022,1755
1022,1618
1022,1774
1022,1614
1023,1762
1023,1727
1023,1917
1023,1950
1023,1557
1024,1600
1024,1885
1024,1827
1024,1517
1024,1816
1024,1956
1024,1565
1024,1949
1024,2043
1024,1636
1025,1610
1025,1734
1025,1567
1025,1644
1026,1644
1026,1989
1026,1538
1026,1618
1026,1692
1026,1610
1026,1774
1026,2020
1026,1540
1027,1987
1027,1920
1027,2068
1027,1565
1027,1575
1027,2006
1027,2015
1028,1856
1028,1774
1028,1905
1028,2011
1028,1638
1028,1692
1028,1578
1028,1891
1029,2093
1029,1580
1029,1993
1029,1774
1029,1561
1029,1997
1029,1989
1029,1513
1029,1979
1029,1515
1030,1538
1030,1610
1030,2056
1030,1734
1030,1644
1030,2063
1030,1788
1030,2062
1030,2020
1030,1567
1030,1779
1030,1748
1031,1517
1031,1823
1032,1656
1032,1901
1032,1811
1032,1799
1032,1717
1032,1900
1032,1806
1033,1882
1033,2004
1033,1984
1033,1566
1033,1575
1033,1698
1033,1697
1033,1732
1033,1655
1033,1613
1034,2095
1034,1801
1034,2083
1034,1780
1034,1999
1034,1924
1034,1923
1034,1575
1035,1925
1035,1580
1035,1821
1035,1734
1035,1561
1035,1619
1035,1753
1035,1762
1036,1654
1036,1584
1036,1906
1036,1525
1036,2005
1036,1783
1036,1620
1036,1541
1037,1613
1037,1936
1037,2070
1037,1625
1037,1909
1037,1655
1037,1698
1038,2015
1038,1611
1038,1801
1038,1987
1038,1851
1038,1912
1038,1575
1039,2021
1039,1755
1039,1954
1039,1606
1039,1782
1039,2077
1039,1950
1040,2097
1040,1523
1040,2057
1040,2000
1040,1711
1040,1728
1040,1604
1040,1608
1041,1736
1041,2024
1041,1721
1041,1638
1041,1726
1041,1789
1041,1946
1042,1883
1042,1500
1042,1659
1042,1893
1042,1680
1042,1523
1042,1738
1042,1896
1043,1619
1043,1875
1043,1513
1043,1714
1044,2094
1044,1763
1044,2015
1044,2028
1044,1661
1044,1635
1044,1987
1045,1561
1045,1619
1045,1602
1045,1714
1045,1560
1045,1683
1045,1778
1045,1580
1045,1513
1046,1636
1046,1635
1046,1629
1046,2015
1046,1533
1046,1949
1046,1801
1046,1889
1046,1851
1047,1878
1047,2085
1047,1687
1047,2068
1047,2052
1047,1822
1047,1832
1047,1765
1047,1633
1047,2087
1048,1896
1048,2070
1048,1659
1048,1698
1048,1930
1048,1625
1048,1984
1048,1651
1048,1836
1048,1738
1048,1722
1048,1670
1049,1856
1049,2011
1049,2024
1049,1726
1049,1721
1049,1752
1049,2041
1049,2003
1050,1651
1050,1901
1050,1577
1050,1883
1050,1743
1050,1900
1051,1876
1051,1613
1051,1698
1051,1936
1051,2085
1051,1705
1051,1984
1051,1909
1051,1977
1052,1623
1052,1710
1052,2091
1052,1849
1052,1638
1052,1846
1052,1566
1052,1886
1052,1836
1053,1592
1053,1693
1053,1734
1053,1602
1053,1585
1053,1545
1053,1546
1053,1839
1053,1714
1054,1526
1054,1705
1054,1876
1054,1645
1054,1750
1054,2075
1054,1522
1054,2091
1055,1645
1055,1876
1055,2091
1055,1977
1055,2034
1055,1705
1055,2075
1056,1717
1056,1835
1056,1811
1056,1901
1056,1822
1056,1900
1056,1799
1056,1614
1057,1867
1057,1817
1057,1594
1057,2056
1057,1615
1057,2062
1057,1644
1057,2064
1058,1632
1058,2064
1058,1660
1058,2069
1058,1741
1058,1834
1059,1567
1059,1945
1059,1689
1059,1714
1059,1580
1060,1563
1060,1906
1060,2015
1060,1645
1060,1876
1060,1886
1060,1522
1060,2091
1060,1801
1060,1912
1060,1541
1060,1945
1060,1584
1060,1644
1061,1736
1061,1846
1061,1789
1061,1983
1061,1905
1061,1882
1061,1697
1062,1901
1062,1849
1062,1900
1062,1886
1062,2015
1062,1611
1062,1582
1062,1811
1062,1799
1062,1965
1062,1717
1063,2056
1063,1734
1063,1560
1063,1738
1063,1930
1063,1671
1064,1747
1064,1806
1064,2053
1064,1584
1064,1799
1064,1901
1064,1906
1064,1656
1064,1945
1064,1525
1065,1987
1065,1971
1065,1611
1065,1851
1065,1912
1065,1575
1065,1801
1065,2015
1066,1750
1066,1738
1066,1893
1066,1801
1066,1811
1066,1686
1066,1912
1066,1611
1067,1876
1067,1890
1067,1645
1067,1977
1067,2003
1068,1517
1068,1832
1068,1822
1068,1999
1069,1949
1069,1835
1069,1581
1069,1822
1069,1885
1069,1534
1069,1808
1069,1915
1069,2085
1070,2085
1070,2021
1070,1835
1070,1755
1071,1908
1071,1675
1071,1640
1071,1759
1071,1930
1071,1893
1071,1829
1071,1738
1071,1525
1071,1750
1071,1896
1072,1683
1072,1738
1072,1893
1072,1580
1072,1778
1072,1619
1072,1521
1072,1695
1072,1722
1072,1561
1072,1714
1072,1640
1073,1951
1073,1644
1074,2012
1074,1603
1074,1862
1074,1903
1074,1560
1074,1955
1074,1645
1075,1836
1075,1644
1075,2062
1075,1886
1075,1849
1075,1734
1075,1748
1075,1582
1076,1587
1076,1566
1076,1796
1076,1638
1076,2061
1076,2084
1076,2004
1076,1919
1076,2057
1077,1566
1077,1625
1077,1736
1077,1698
1078,1966
1078,2041
1078,1621
1078,1726
1078,1908
1078,1698
1078,1611
1078,1575
1078,1996
1079,1633
1079,1832
1079,1866
1079,1823
1079,1865
1079,2052
1079,2087
1079,1825
1079,1931
1080,1938
1080,1590
1081,1692
1081,1512
1081,1643
1081,1917
1081,1906
1081,1945
1081,1618
1081,1891
1082,1682
1082,1855
1082,2015
1082,1572
1082,2084
1082,1659
1082,1833
1083,1965
1083,1747
1083,1886
1083,2009
1083,1821
1083,2091
1084,1752
1084,2024
1084,1693
1084,1869
1084,1851
1084,2003
1084,1585
1084,1820
1084,1801
1084,1770
1084,2009
1084,1611
1084,1912
1084,1726
1085,1931
1085,1743
1085,1621
1085,1658
1086,1912
1086,1851
1086,1575
1086,2015
1086,1801
1086,1611
1086,1987
1087,2056
1087,1651
1087,1670
1087,1717
1087,1644
1087,2068
1087,1878
1087,1631
1087,1659
1087,1680
1087,1577
1088,2052
1088,1660
1088,1632
1088,1606
1088,1934
1088,2093
1088,1866
1088,1540
1088,1832
1088,2064
1089,1554
1089,1504
1089,1802
1089,1997
1089,1698
1090,1545
1090,1585
1090,1839
1090,1588
1090,1783
1090,1915
1090,2040
1090,1614
1091,1613
1091,2070
1091,1655
1091,1698
1091,1521
1091,1640
1091,1893
1091,1675
1092,2093
1092,1613
1092,1823
1092,2052
1092,1832
1092,1866
1092,1633
1092,1517
1092,1865
1093,1644
1093,1538
1093,1823
1093,1865
1093,1978
1093,1591
1093,1514
1093,1863
1093,1902
1093,1633
1093,1950
1094,1954
1094,1592
1094,1820
1094,1839
1094,2087
1094,1564
1094,2067
1094,1832
1095,1745
1095,1727
1095,1708
1095,1557
1095,1826
1095,1539
1095,1881
1095,1516
1095,1878
1095,1962
1095,1596
1096,1947
1096,1997
1096,1740
1096,1670
1096,1577
1097,1578
1097,1993
1097,1515
1097,1989
1097,1548
1097,1891
1097,1979
1097,1618
1097,1540
1097,1692
1098,1591
1098,1886
1098,1853
1098,2066
1098,1587
1098,1623
1098,1582
1099,2052
1099,1832
1099,1517
1099,1865
1099,2067
1099,1866
1100,2066
1100,1853
1100,1836
1100,1558
1100,1543
1100,1542
1100,1598
1100,2034
1101,1936
1101,1541
1101,1613
1101,1698
1101,1625
1102,1900
1102,1806
1102,1811
1102,1656
1102,1717
1102,1946
1102,1799
1103,1563
1103,1821
1103,1677
1103,1525
1103,1584
1104,1890
1104,2003
1104,2067
1105,1806
1105,1799
1105,1946
1105,1656
1105,1582
1105,1900
1105,1901
1106,1896
1106,1886
1106,1757
1106,1675
1106,1712
1106,1750
1106,1759
1106,1930
1106,1738
1107,1644
1107,1816
1107,1592
1107,1585
1107,1889
1107,1733
1107,1600
1107,1626
1107,1641
1108,1801
1108,1611
1108,2043
1108,1655
1108,1949
1108,1936
1109,2011
1109,2041
1109,1856
1109,1651
1109,2024
1109,1752
1109,1890
1109,1577
1109,1659
1110,1749
1110,1902
1110,1978
1110,1596
1110,1950
1110,1557
1110,1818
1111,2070
1111,1625
1111,1567
1111,2056
1111,1936
1111,1811
1111,1901
1111,1646
1112,1723
1112,1782
1112,1632
1112,1517
1112,2052
1112,1865
1112,2069
1112,1741
1113,1670
1113,1652
1113,1595
1113,1803
1113,1604
1113,1923
1113,1651
1113,1594
1113,2057
1114,1992
1114,1991
1114,1553
1114,1890
1114,2066
1114,1573
1114,1558
1114,2041
1114,1597
1115,1996
1115,1587
1115,1941
1115,2011
1115,1572
1115,1833
1115,1856
1115,1966
1115,1752
1115,1570
1115,1796
1115,1682
1115,2061
1116,1857
1116,1789
1116,1882
1116,1732
1116,1983
1116,1946
1117,1645
1117,1876
1117,2091
1117,1526
1117,1522
1117,1977
1117,1710
1117,1705
1118,1698
1118,1849
1118,1984
1118,1836
1118,1582
1118,1909
1118,1625
1119,1847
1119,1731
1119,2077
1119,1736
1119,1660
1119,1606
1119,1741
1119,1735
1119,1547
1120,1767
1120,1876
1120,1977
1120,1582
1120,1571
1121,1936
1121,1736
1121,1613
1121,1655
1122,1878
1122,2068
1122,1906
1122,1883
1122,1680
1122,1758
1122,1651
1122,1947
1122,1500
1122,1670
1123,1938
1123,1889
1123,1725
1123,1583
1123,2043
1123,2013
1123,1808
1123,1551
1123,1600
1123,1618
1123,1598
1123,1542
1124,1909
1124,1936
1124,1625
1125,1855
1125,2024
1125,2041
1125,1875
1125,1787
1125,1556
1125,1721
1125,1570
1126,1618
1126,1962
1126,1578
1126,1540
1126,1993
1126,1555
1127,1790
1127,2031
1127,1635
1127,1531
1127,1872
1127,2004
1127,1812
1127,1975
1127,1701
1128,1959
1128,1714
1128,1619
1128,1561
1128,1513
1128,1878
1128,1765
1128,1683
1128,1778
1128,1962
1128,1758
1128,2068
1129,1587
1129,1930
1129,1784
1130,1972
1130,2057
1130,1940
1130,2045
1130,1826
1130,1902
1130,1818
1130,1550
1130,1608
1130,1575
1130,1917
1130,1957
1130,1912
1131,2085
1131,1993
1131,1989
1131,2021
1131,1614
1131,1515
1131,1618
1131,1548
1131,1822
1132,1629
1132,1916
1132,1731
1132,1812
1132,2082
1132,1954
1132,1765
1132,1700
1133,2003
1133,1752
1133,2039
1133,1658
1134,1548
1134,1770
1134,1511
1134,1891
1134,1564
1135,1912
1135,1801
1135,2015
1135,1851
1135,1575
1135,1611
1135,1987
1136,2085
1136,1934
1136,1632
1136,1755
1136,2014
1136,2021
1136,1915
1136,1723
1137,1977
1137,1644
1137,2020
1137,2091
1137,1734
1137,1788
1137,1610
1137,1779
1137,1645
1138,1829
1138,1750
1138,1989
1138,1774
1138,1578
1138,1548
1138,1891
1139,1681
1139,1856
1140,1556
1140,1566
1140,1728
1140,2004
1140,1789
1140,2045
1140,2086
1141,1635
1141,1993
1141,1989
1141,1504
1142,1555
1142,1631
1143,1919
1143,1633
1143,2084
1143,1865
1143,1570
1143,1866
1143,1825
1143,2052
1143,1569
1144,1995
1144,2018
1144,1751
1144,1662
1144,1646
1144,1750
1145,1602
1145,2093
1145,1513
1145,1580
1145,1723
1145,1619
1145,1987
1145,1968
1146,2044
1146,1631
1146,2013
1146,1560
1146,1542
1146,1962
1147,1758
1147,1631
1147,1738
1147,1683
1148,1659
1148,1875
1148,1740
1148,1886
1148,1849
1148,1680
1148,1997
1148,1965
1148,1577
1148,1500
1148,1670
1148,1883
1148,1651
1149,1770
1149,1638
1149,1946
1149,1839
1149,1585
1149,1905
1149,1564
1149,1683
1150,1875
1150,1886
1150,1542
1150,1623
1150,1582
1151,1880
1151,1892
1151,1711
1151,1561
1151,1889
1151,1580
1152,1659
1152,1970
1152,1500
1152,1670
1152,1883
1152,1680
1153,1755
1153,2085
1153,1822
1153,1723
1153,1660
1153,1915
1154,1869
1154,1758
1154,1522
1154,1964
1154,1631
1154,1710
1154,1733
1154,1986
1154,1645
1154,1765
1155,1866
1155,1633
1155,1667
1155,2041
1155,1614
1155,2052
1155,1645
1155,1695
1156,2091
1156,1526
1156,1876
1156,1618
1156,1522
1157,1896
1157,2052
1157,1738
1157,1823
1158,2021
1158,1516
1158,2085
1158,1822
1158,1609
1158,1678
1158,1965
1158,1745
1158,1814
1159,1820
1159,1846
1159,1732
1159,1839
1159,2022
1160,1901
1160,1816
1160,1900
1160,2043
1160,1806
1160,1808
1161,1978
1161,1902
1161,2006
1161,1512
1161,1957
1161,1950
1161,1557
1161,1539
1162,1986
1162,1548
1162,1912
1162,1515
1162,1564
1162,1774
1162,1611
1162,1540
1162,2015
1162,1801
1162,1993
1163,1625
1163,1698
1163,1934
1163,1954
1163,1606
1163,1681
1163,1660
1163,2098
1163,1909
1163,1936
1163,1655
1164,1796
1164,1743
1164,2061
1164,2039
1164,1908
1164,1931
1164,1682
1164,1658
1165,1548
1165,1774
1165,1618
1165,1900
1165,1993
1165,1578
1165,1806
1165,1891
1165,1692
1165,1515
1166,1758
1166,1936
1166,1555
1166,1698
1166,1962
1167,1689
1167,1572
1167,1728
1167,1523
1167,1787
1167,1570
1168,1876
1168,1705
1168,1658
1168,1621
1168,1743
1168,1557
1168,1522
1169,1578
1169,1993
1169,1979
1169,1618
1169,1774
1169,1515
1169,1891
1169,1548
1169,1989
1170,1896
1170,2085
1170,2081
1170,1834
1171,1514
1171,1548
1171,1865
1171,1578
1172,1548
1172,1515
1172,1618
1172,1979
1172,1631
1172,1578
1172,1540
1172,1774
1172,1891
1172,1758
1173,2067
1173,1633
1173,2052
1173,1866
1173,1832
1173,1825
1174,1732
1174,1789
1174,1858
1174,2030
1174,2086
1175,1727
1175,1845
1175,1971
1175,1978
1175,1826
1175,1940
1175,2006
1175,1565
1176,1849
1176,1623
1176,1582
1176,1875
1176,1836
1176,1965
1176,1886
1177,1830
1177,2069
1177,1914
1177,1741
1177,1689
1177,1858
1177,1805
1177,1834
1177,1534
1178,1801
1178,1695
1178,1883
1178,1930
1178,1997
1178,1575
1179,1846
1179,1621
1179,1605
1179,1866
1179,1546
1179,1946
1179,1996
1179,1736
1179,1717
1179,1983
1179,2014
1180,1832
1180,1865
1180,1986
1180,1514
1180,1633
1180,1592
1180,2087
1180,1733
1180,1820
1180,1839
1180,1668
1180,1626
1180,1564
1181,1983
1181,1857
1181,1882
1181,2004
1181,1946
1181,1846
1181,1736
1181,1732
1181,1905
1181,1789
1181,1638
1182,2061
1182,2039
1182,1931
1182,1996
1182,2014
1182,1796
1182,1658
1182,1682
1182,1966
1182,1908
1183,1705
1183,1604
1183,1550
1183,2030
1183,1977
1183,1945
1183,2053
1183,1855
1183,2097
1183,1645
1183,1643
1183,1728
1183,1525
1184,1645
1184,1566
1184,2091
1184,1882
1184,1638
1184,2075
1184,1522
1184,1789
1184,1876
1185,1946
1185,1886
1185,1500
1185,1836
1185,1623
1185,1738
1185,1965
1185,1732
1185,1566
1185,1875
1185,1736
1185,1846
1185,1983
1186,1638
1186,2067
1186,1946
1186,2004
1186,1633
1186,2052
1186,1883
1186,1866
1186,1966
1186,1659
1187,1972
1187,1587
1187,2012
1187,1942
1187,1919
1187,1550
1187,1855
1187,1728
1187,1858
1188,1912
1188,1695
1188,1611
1188,1930
1188,1575
1188,2015
1188,1750
1189,2085
1189,2005
1189,2021
1189,1682
1189,1966
1189,1646
1189,1755
1189,1796
1189,1658
1190,1595
1190,1665
1190,1602
1190,1542
1190,1544
1191,1540
1191,1979
1191,1891
1191,1515
1191,1655
1191,1625
1191,1613
1191,1734
1191,1936
1191,2070
1191,1752
1191,1989
1191,1909
1191,1726
1192,1738
1192,2067
1192,2052
1192,1896
1192,1866
1192,1633
1192,1695
1193,1646
1193,1930
1193,1547
1193,2006
1193,1877
1193,1670
1193,1723
1193,1738
1194,1793
1194,1644
1194,2020
1194,1538
1194,1636
1194,1726
1194,2056
1194,2041
1194,2043
1194,2024
1195,1796
1195,1966
1195,1908
1195,2061
1195,1619
1195,2068
1195,2014
1195,1621
1196,2081
1196,1547
1196,1644
1196,1723
1197,1602
1197,1619
1197,1683
1197,1714
1197,1580
1198,1570
1198,1556
1198,1787
1198,1604
1198,1689
1198,1550
1198,1935
1198,1858
1198,1728
1198,1802
1198,1629
1199,1555
1199,1959
1199,1996
1199,1765
1200,1698
1200,1613
1200,2085
1200,2021
1200,1936
1200,1717
1200,1915
1201,2009
1201,1588
1201,1584
1201,1643
1201,1986
1201,1945
1201,1545
1202,1722
1203,2074
1203,1780
1203,1794
1203,1611
1203,1845
1203,1558
1203,2065
1203,2021
1203,1938
1203,1707
1203,1594
1203,1838
1203,1999
1204,1694
1204,1699
1204,1948
1204,1996
1204,1780
1204,1672
1204,1729
1204,1629
1204,1853
1204,1658
1204,1682
1205,1615
1205,1901
1205,1680
1205,1927
1205,1838
1205,1560
1206,1676
1206,1560
1206,1595
1206,1621
1207,1933
1207,1636
1207,1581
1207,1816
1208,1747
1208,2072
1208,1546
1208,1641
1208,1564
1208,2040
1208,1839
1209,1675
1209,1738
1209,1759
1209,1561
1209,1646
1209,1571
1209,1683
1209,1513
1209,1996
1209,1602
1209,1714
1210,1631
1210,1611
1211,1717
1211,1681
1211,1799
1211,1986
1211,1889
1212,2085
1212,1915
1212,1614
1212,1651
1212,1997
1212,1822
1212,1755
1212,1670
1212,1947
1212,2021
1212,1659
1212,1687
1212,1680
1212,1883
1213,1693
1214,1658
1214,1796
1214,2014
1214,1682
1214,1984
1214,2039
1214,1781
1214,1613
1214,1743
1214,1625
1215,2020
1215,1567
1215,1734
1215,1610
1216,1602
1216,1683
1216,1698
1216,1714
1216,1736
1216,1638
1216,1936
1216,1984
1217,1801
1217,1987
1217,1667
1218,1670
1218,1930
1218,1695
1218,1500
1218,1659
1218,1646
1218,1555
1218,1722
1218,1651
1218,1765
1219,2099
1219,1882
1219,1566
1219,1830
1219,1697
1219,1611
1219,1912
1219,1706
1219,1784
1219,1847
1219,2012
1220,1680
1220,1698
1220,1774
1220,1993
1220,1740
1220,1651
1221,1682
1221,1774
1221,2039
1221,1621
1221,1796
1222,1504
1222,1700
1222,1763
1222,1629
1222,2039
1222,1554
1222,1685
1222,1764
1222,2082
1222,1975
1223,1608
1223,1536
1223,2057
1223,1919
1223,1728
1223,1858
1223,2012
1223,1570
1223,2000
1223,1774
1223,2030
1223,1971
1224,1600
1224,1885
1224,1816
1224,1912
1224,1827
1224,1985
1224,1987
1225,1814
1225,1661
1225,1975
1225,1916
1225,1831
1226,1964
1226,2085
1226,2052
1226,1985
1226,1885
1227,2052
1227,1866
1227,1799
1227,1900
1227,1806
1227,1633
1227,1865
1227,1811
1227,1717
1228,1977
1228,1620
1228,1796
1228,1996
1228,1677
1228,1658
1228,1966
1228,1541
1228,1584
1228,2053
1228,1525
1229,1734
1229,2064
1229,1567
1229,1882
1229,1788
1229,1644
1229,1610
1229,1538
1229,1918
1230,1556
1230,1855
1230,1811
1230,1728
1230,1900
1230,1787
1230,1570
1230,1550
1230,1580
1230,1561
1231,1714
1231,1580
1231,1876
1231,1949
1231,1567
1231,1885
1231,1636
1232,1625
1232,1613
1232,1909
1232,1936
1232,1655
1232,1984
1232,1698
1233,1996
1233,1931
1233,1682
1234,1734
1234,1644
1234,1656
1234,1567
1235,1587
1235,1664
1235,2099
1235,2097
1235,1784
1235,2086
1235,1742
1235,1830
1236,1822
1236,1540
1236,1515
1236,1580
1236,1627
1237,1946
1237,2022
1237,1882
1237,1983
1237,1885
1237,1534
1237,1949
1237,1905
1237,1636
1237,1889
1238,1608
1238,1523
1238,2000
1238,1689
1238,1858
1238,2012
1238,1664
1238,1601
1238,1919
1238,1840
1239,2035
1239,1548
1239,1692
1239,2007
1239,1547
1239,1989
1239,1660
1239,1774
1239,1834
1239,1515
1240,1966
1240,1682
1240,2011
1241,1645
1241,1683
1241,2087
1241,2052
1241,1823
1242,1931
1242,1621
1242,2039
1242,1682
1242,1658
1242,1966
1242,1796
1242,2061
1242,1908
1242,2014
1242,1743
1242,1996
1243,2070
1243,1655
1243,1909
1243,1698
1243,1625
1243,1936
1243,1613
1243,1984
1244,1638
1244,1736
1244,1789
1244,1697
1244,1946
1244,1905
1244,1541
1245,1896
1245,1851
1245,1930
1245,1750
1245,1722
1245,1640
1245,1675
1245,1575
1245,1912
1245,1738
1246,2080
1246,1694
1246,1745
1246,1629
1246,1678
1246,1709
1246,2094
1246,1841
1246,1899
1246,2031
1247,1947
1247,1659
1247,1883
1247,1997
1247,1740
1247,1577
1248,1578
1248,1784
1248,2030
1248,1880
1248,1919
1248,1891
1248,1993
1248,1569
1248,1774
1248,1570
1248,2000
1249,1513
1249,1705
1249,1714
1249,1619
1250,1909
1250,1886
1250,1582
1250,1977
1250,1614
1250,1645
1250,2085
1250,2091
1250,2009
1251,1698
1251,1822
1251,1655
1251,1936
1251,1613
1251,1765
1251,1614
1251,1625
1251,1755
1252,1832
1252,2052
1252,1865
1252,2087
1252,1866
1252,1514
1252,1517
1252,1823
1253,1580
1253,1714
1253,1683
1253,1689
1253,1569
1253,1784
1254,1867
1254,1712
1254,1671
1254,1853
1255,1890
1256,1977
1256,1645
1256,1522
1256,2091
1256,1526
1256,1876
1256,2075
1256,1705
1257,1812
1257,1635
1257,1802
1257,1576
1257,1601
1257,1921
1257,1852
1257,2082
1258,2085
1258,1557
1258,1900
1258,1656
1258,1920
1258,1822
1258,1574
1259,1946
1259,1866
1259,1915
1259,1687
1260,1822
1260,1614
1260,2085
1260,1519
1260,1755
1260,1835
1260,1875
1260,1915
1260,2021
1260,1687
1261,1817
1261,1556
1261,1612
1261,1560
1261,1570
1261,2057
1261,1671
1261,1598
1261,1960
1261,1573
1261,2065
1262,2015
1262,2063
1262,1774
1262,1814
1262,1699
1262,1801
1262,1678
1262,1989
1262,1776
1263,1900
1263,1799
1263,1717
1263,1656
1264,2015
1264,1541
1264,1525
1264,1750
1264,1646
1264,1930
1265,1514
1265,1865
1265,1866
1265,2052
1265,1633
1265,1621
1265,1753
1265,1823
1265,2087
1265,1517
1266,1572
1266,1914
1266,1876
1266,1522
1266,2000
1266,1507
1266,1502
1266,1977
1266,1523
1266,1892
1267,1893
1267,1912
1267,1517
1267,1575
1268,1502
1268,1556
1268,1664
1268,1866
1268,1858
1268,1742
1268,1973
1268,2030
1268,1706
1268,1919
1268,2000
1268,1523
1268,1854
1269,1806
1269,1750
1269,1829
1269,2036
1269,1900
1269,1717
1270,1939
1270,2088
1270,1528
1270,1926
1270,1516
1270,1745
1271,1948
1271,1996
1271,1966
1271,1945
1271,1677
1271,1821
1271,1796
1271,1908
1271,1682
1271,2053
1271,2061
1272,1546
1272,1659
1272,1500
1272,1829
1272,1770
1272,1896
1273,2043
1273,1949
1273,1889
1273,1533
1273,1793
1273,1600
1273,1885
1273,1636
1274,1962
1274,2068
1274,1734
1274,1597
1274,1845
1274,1544
1274,1644
1274,1765
1274,1599
1274,1758
1274,2065
1274,1583
1275,1742
1275,2027
1275,1689
1275,1536
1275,1572
1276,1900
1276,1659
1276,1670
1276,1727
1276,1741
1276,2069
1276,2064
1276,2007
1277,1536
1277,1858
1277,1689
1277,1889
1277,2022
1278,1833
1278,1822
1278,2021
1278,2027
1278,1835
1278,1523
1278,2085
1279,1670
1279,1651
1279,1740
1279,1997
1280,1866
1280,1796
1280,1517
1280,2052
1280,1514
1280,1832
1281,1545
1281,1526
1281,1645
1281,1977
1281,1585
1281,1626
1282,2085
1282,1825
1282,2067
1282,1614
1282,1633
1282,1832
1283,2085
1283,1808
1284,2006
1284,1753
1284,1818
1284,1950
1284,1902
1284,1574
1284,1539
1284,1557
1284,1978
1285,1625
1285,1655
1285,1901
1285,1644
1285,1822
1285,1806
1285,1519
1285,1698
1285,1909
1286,1883
1286,1651
1286,1618
1286,1611
1286,1997
1287,1832
1287,1731
1287,1538
1287,1779
1287,1741
1288,2052
1288,2067
1288,1517
1288,1633
1288,1620
1289,1555
1289,1765
1289,1631
1289,1878
1289,1959
1289,1962
1289,2068
1290,1613
1290,1811
1290,1806
1290,1722
1290,1893
1291,1567
1291,2056
1291,1538
1291,2063
1291,1734
1291,1610
1291,1644
1291,1788
1292,1656
1292,1901
1293,1872
1293,1701
1293,1949
1293,1852
1293,1600
1293,1773
1293,1816
1293,1841
1293,2082
1293,1975
1294,2020
1294,1644
1295,2011
1295,1667
1295,1822
1295,1900
1295,1721
1295,1835
1295,1618
1296,1567
1296,1734
1296,1883
1296,1659
1296,1806
1296,1900
1296,1577
1296,1610
1296,1836
1296,2062
1296,1918
1296,1656
1296,1799
1296,1901
1297,1557
1297,1565
1297,1655
1297,1936
1297,1909
1297,1613
1297,1957
1298,2052
1298,1610
1299,1882
1299,1645
1299,1789
1299,1736
1299,2091
1299,1977
1299,1710
1299,1876
1299,1522
1300,1934
1300,1714
1300,1731
1300,1782
1300,1683
1300,1580
1300,1619
1300,2077
1300,2035
1300,2069
1300,1606
1300,1547
1301,1954
1301,2062
1301,1805
1301,2069
1301,2020
1301,1610
1301,1782
1302,1931
1302,1621
1302,1997
1302,2061
1302,1670
1303,1600
1303,1759
1303,1985
1303,1535
1303,1631
1303,1878
1304,2085
1304,1687
1304,1915
1304,2021
1304,1614
1304,1755
1304,1835
1304,1822
1305,1974
1305,2067
1305,1544
1305,1884
1305,1878
1305,1962
1306,1561
1306,1978
1306,1881
1306,1818
1306,1565
1306,1596
1306,1778
1306,1513
1306,1762
1306,1714
1306,1957
1307,2087
1307,1829
1307,1649
1307,1596
1307,2067
1307,1896
1308,2007
1308,1663
1308,1698
1308,2064
1308,1625
1308,1818
1308,2070
1308,1613
1309,1625
1309,1582
1309,1698
1309,1936
1309,1849
1310,1560
1310,1598
1310,1755
1311,1645
1311,1710
1311,1876
1311,1977
1311,1723
1311,1705
1312,1883
1312,1822
1312,1970
1312,1500
1312,2085
1312,2045
1312,1651
1312,1670
1312,1755
1312,1577
1312,1915
1312,1555
1312,1659
1312,1680
1313,1993
1313,1692
1313,1578
1313,1979
1313,1548
1313,1989
1313,1618
1313,1636
1313,2093
1313,1774
1313,1540
1314,1554
1314,1852
1314,2028
1314,1920
1314,1842
1314,1576
1315,1542
1315,1615
1315,2083
1315,1544
1315,1873
1315,2066
1316,2059
1316,1912
1317,1946
1317,2069
1317,1819
1317,1847
1317,2004
1317,1638
1318,1965
1319,1920
1319,1591
1319,1919
1319,1940
1319,1507
1319,1787
1319,1950
1319,1973
1319,1706
1319,1574
1319,1727
1319,1557
1320,1997
1320,1821
1320,1930
1320,1675
1320,2040
1320,1734
1320,1747
1320,1541
1320,1640
1320,1893
1321,1876
1321,1522
1321,1525
1321,1643
1321,1977
1321,2075
1322,1641
1322,1839
1322,1592
1322,1733
1322,1605
1322,1693
1322,1681
1323,1580
1323,1513
1323,1604
1323,1714
1323,1602
1323,1561
1323,1858
1323,1556
1324,1822
1324,1614
1324,1915
1324,2085
1324,2021
1324,1755
1325,1561
1325,1714
1325,1683
1325,1513
1325,1602
1325,1619
1325,1778
1325,1580
1326,1882
1326,1987
1326,1789
1326,1566
1326,1915
1326,1611
1327,1883
1327,1947
1327,1670
1327,1680
1327,1651
1327,1577
1327,1970
1327,1997
1327,1658
1327,1740
1327,1659
1328,1875
1328,1582
1328,1623
1328,1886
1328,1965
1328,1836
1329,1623
1329,1721
1329,2003
1329,1856
1329,1965
1329,1683
1330,1560
1330,1848
1330,1879
1330,1845
1330,1851
1330,1558
1330,1801
1330,1614
1330,1767
1330,1611
1330,1780
1330,1907
1330,1594
1331,1774
1331,1989
1331,1618
1331,1515
1331,1578
1331,1993
1331,1891
1331,1548
1331,1692
1331,1571
1332,1585
1332,1931
1332,1681
1332,1851
1332,1658
1332,1611
1332,1912
1332,1908
1333,1561
1333,1619
1333,1836
1333,1714
1334,1522
1334,1755
1335,1978
1335,1919
1335,1702
1335,1942
1335,1971
1335,1711
1335,2084
1335,1523
1335,1644
1335,1536
1335,1570
1335,1762
1335,1596
1336,1623
1336,2068
1336,1886
1336,1555
1336,1875
1336,1567
1336,1962
1336,1582
1337,1643
1337,1677
1337,1716
1337,1541
1337,1525
1337,1906
1337,2005
1337,1654
1337,1620
1337,2040
1337,2053
1337,2009
1338,1900
1338,1901
1338,2093
1338,1717
1339,1876
1339,2091
1339,1645
1339,1705
1339,1710
1339,1901
1339,1526
1339,1977
1339,1900
1339,1811
1339,1717
1339,1656
1339,1806
1339,1522
1339,2075
1340,1866
1340,2021
1341,1723
1341,2016
1341,1894
1341,1819
1341,2035
1342,1558
1342,1948
1342,2066
1342,1879
1342,1603
1342,1898
1343,1835
1343,1770
1343,1564
1343,2085
1343,1546
1343,1687
1343,1820
1343,1511
1343,1626
1343,1592
1344,1788
1344,1734
1344,1750
1344,1644
1344,1695
1344,1610
1344,1738
1344,1918
1344,1722
1344,2036
1344,1759
1344,1930
1345,1584
1345,1832
1345,1993
1345,1891
1345,1515
1345,1618
1346,1966
1346,1931
1346,1996
1346,1930
1346,2061
1346,1743
1346,1682
1346,1658
1346,1908
1346,2014
1347,1646
1347,1738
1348,1694
1348,1852
1348,1655
1348,1504
1348,1613
1348,1984
1348,1975
1349,2009
1349,1677
1349,1643
1349,1945
1349,1541
1349,1584
1349,1783
1349,2005
1349,1525
1350,1698
1350,1984
1351,1840
1351,1625
1351,2070
1351,1950
1351,2000
1351,1613
1351,1507
1351,1647
1352,1778
1352,1975
1352,1694
1352,2031
1353,2041
1353,1561
1353,1667
1353,1721
1353,1619
1353,2024
1353,1778
1353,1726
1353,1580
1353,2011
1353,1856
1353,1602
1354,1521
1354,1722
1354,1759
1354,1738
1354,1750
1354,1757
1354,1919
1354,1896
1355,2020
1355,1610
1356,1560
1356,1911
1356,2071
1356,1756
1356,2013
1356,1771
1357,1802
1357,1629
1357,1763
1357,1872
1357,1504
1357,1684
1357,1635
1357,1745
1358,1625
1358,1613
1358,1979
1358,2070
1358,1655
1358,1515
1358,1989
1358,1909
1358,1984
1359,1672
1359,2084
1359,1590
1359,1630
1359,1762
1359,1652
1360,1614
1360,1822
1360,1915
1361,1920
1361,1796
1361,1996
1361,1902
1361,1889
1361,1933
1361,1885
1361,1596
1361,1663
1362,1808
1362,1600
1362,1647
1362,1866
1362,1689
1363,1901
1363,1610
1363,1806
1363,1644
1363,1734
1363,1788
1363,1566
1363,1846
1363,1789
1364,1770
1364,1693
1364,1585
1364,1733
1365,1611
1365,1997
1365,1692
1365,1740
1365,1987
1365,1651
1365,1659
1365,1618
1365,1989
1365,1578
1365,1774
1365,1680
1366,1548
1366,1515
1366,1578
1366,1979
1367,1557
1367,2093
1367,1644
1367,1741
1367,2056
1367,1719
1367,1788
1367,1606
1367,1734
1368,1714
1368,1580
1368,1561
1368,1566
1368,1983
1368,1857
1369,2027
1369,1997
1369,1971
1369,1550
1370,1645
1370,1585
1370,1876
1370,1682
1370,1977
1370,1770
1370,1798
1370,1546
1371,1545
1371,1681
1371,1908
1371,1564
1371,1592
1371,1733
1371,1743
1372,1659
1372,1997
1372,1577
1372,1500
1372,1670
1372,1818
1372,1970
1372,1680
1373,1578
1373,1692
1373,1540
1373,1548
1373,1515
1374,2098
1374,1760
1374,2081
1375,1811
1375,1987
1375,1806
1375,1717
1375,1900
1376,1538
1376,1734
1376,1849
1376,1851
1376,1875
1376,1611
1376,2063
1376,1886
1376,1575
1377,1748
1377,1644
1377,1734
1377,2020
1378,1808
1378,1889
1378,1983
1378,1946
1378,1638
1379,1670
1379,1906
1379,1563
1379,2053
1379,1945
1379,2040
1379,1821
1379,1541
1379,1584
1379,2005
1379,1654
1380,1736
1381,1736
1381,1989
1381,1578
1381,1891
1381,1692
1382,2041
1382,2011
1382,2003
1382,1856
1382,1721
1383,1582
1383,1875
1384,2052
1384,1866
1384,1633
1384,1823
1384,2067
1384,1825
1384,1865
1385,1572
1385,1912
1386,1581
1386,1636
1386,1578
1386,1600
1386,1889
1386,1882
1386,1777
1386,1885
1386,1970
1387,1959
1387,1875
1387,1631
1387,1878
1387,1900
1387,1886
1387,1555
1387,1623
1388,1592
1388,1798
1388,1555
1388,1588
1389,1651
1389,1873
1389,1883
1389,1947
1389,1659
1389,2003
1389,2024
1389,2011
1389,1721
1389,1752
1390,1560
1390,1538
1390,2066
1390,1615
1390,1886
1390,1734
1390,2020
1390,1884
1390,1583
1390,2095
1390,1542
1390,1722
1391,1913
1391,1709
1391,1571
1391,1629
1391,1935
1391,2066
1391,1975
1392,1946
1392,1912
1392,1644
1393,1511
1393,1820
1393,1585
1393,1681
1393,1626
1393,1986
1393,1588
1394,1613
1394,1625
1394,1655
1394,1936
1394,2024
1394,1698
1394,1984
1394,1909
1395,1984
1395,2070
1395,1645
1395,1522
1395,1900
1395,2003
1395,1655
1395,1909
1395,1856
1395,1625
1395,2041
1396,1978
1396,1881
1396,1920
1396,1876
1396,1645
1396,1977
1396,1512
1396,1574
1396,1522
1397,1655
1397,1698
1397,1613
1397,1984
1397,2070
1397,1936
1397,1909
1397,1625
1398,1600
1398,2021
1398,1636
1398,1885
1398,1915
1399,1513
1399,1520
1399,1619
1399,1701
1399,1814
1399,1580
1399,2026
1399,1714
1400,1697
1400,1857
1400,1789
1400,1918
1400,1915
1400,1567
1400,1788
1400,1734
1400,1566
1400,2021
1400,2062
1400,1644
1400,2085
1401,2061
1401,1734
1401,1618
1401,1548
1401,2062
1401,1621
1401,2056
1402,1975
1402,1868
1402,1554
1402,1629
1402,1745
1402,1576
1402,1635
1402,1872
1402,2031
1402,1699
1403,1565
1403,1518
1403,1868
1403,2088
1403,1940
1404,2079
1404,1964
1404,1986
1405,1885
1405,1886
1405,1994
1405,2022
1405,1889
1405,1875
1405,1600
1406,1626
1407,1915
1407,1949
1407,2012
1407,1919
1408,1822
1408,1835
1408,1915
1408,1614
1409,1688
1409,2011
1409,1652
1409,1766
1409,1890
1409,1974
1409,1707
1409,1979
1409,1752
1409,1721
1410,2041
1410,1726
1410,1890
1410,1721
1410,2003
1410,1856
1410,2024
1410,2011
1411,1997
1411,1680
1411,1670
1411,1659
1411,1651
1411,1500
1411,1740
1411,1883
1412,1514
1412,1575
1412,1825
1412,2067
1412,1816
1412,1832
1413,2015
1413,1787
1413,1536
1413,2045
1413,1570
1413,1572
1413,1942
1413,1689
1414,1755
1414,1614
1414,1822
1414,1915
1414,2021
1414,2085
1414,1687
1414,1519
1414,1835
1415,2085
1415,1625
1415,1614
1416,2007
1416,1731
1416,1936
1416,1737
1416,1877
1416,1782
1416,1723
1416,2098
1416,1741
1417,1905
1417,1946
1417,1882
1417,1819
1417,1723
1417,1983
1418,1856
1418,2011
1418,2041
1418,1997
1418,2024
1418,2003
1418,1882
1418,1560
1419,1585
1419,1964
1419,1618
1419,1839
1419,1668
1419,1979
1419,1989
1420,1644
1420,1712
1420,1734
1420,2020
1420,1966
1421,1540
1421,1578
1421,1774
1421,1993
1421,1979
1421,1692
1421,1989
1421,1839
1421,1891
1421,1618
1422,1625
1422,1655
1422,1936
1422,1984
1422,1698
1422,1909
1423,1631
1423,1625
1423,1878
1423,1555
1423,1655
1423,1909
1423,1765
1423,1698
1423,1984
1423,1936
1423,1758
1423,2068
1424,1734
1424,1979
1424,1779
1424,1636
1424,1618
1424,2056
1424,1891
1424,1644
1424,1989
1425,1993
1425,1513
1425,1580
1425,1602
1425,2096
1425,1989
1425,1778
1425,1774
1425,1632
1425,1600
1425,1618
1425,1956
1425,1891
1425,1979
1425,1985
1426,1835
1426,1645
1426,1705
1426,1755
1426,1631
1427,2084
1427,1705
1427,1728
1427,1871
1427,1742
1427,2030
1427,1876
1427,1645
1427,1840
1427,1977
1427,1855
1428,1849
1428,1734
1428,1886
1428,1836
1428,1610
1428,1918
1429,1566
1429,1983
1429,1946
1429,1698
1429,1846
1430,1752
1430,2003
1430,1890
1430,1667
1430,1996
1430,2011
1430,1796
1430,1856
1430,1908
1430,1726
1431,1609
1431,1671
1431,1794
1431,1907
1431,2051
1432,2060
1432,1875
1432,1886
1432,1977
1432,1762
1432,1645
1432,1664
1432,2091
1432,1522
1433,1993
1433,1774
1433,1793
1433,1692
1433,1688
1433,1994
1433,1949
1433,1989
1433,1540
1433,1808
1433,1885
1434,1822
1434,1848
1434,1542
1434,2085
1434,1571
1434,1920
1434,1755
1435,2003
1435,1726
1435,2041
1435,2011
1435,1890
1435,1667
1435,1752
1435,1721
1436,1866
1436,1699
1436,1692
1436,1774
1436,1618
1436,1893
1436,1554
1436,1684
1436,1629
1436,2026
1437,1965
1437,1759
1437,1686
1437,1557
1437,1886
1437,1722
1437,1902
1437,1738
1438,1801
1438,1575
1438,1962
1438,1912
1438,1631
1438,2068
1438,1878
1439,1629
1439,1883
1439,1659
1439,1651
1439,2057
1439,2045
1439,1531
1439,1833
1439,1868
1439,1802
1439,1822
1439,1504
1440,1644
1440,1734
1440,1633
1440,1978
1440,2067
1440,2056
1440,1866
1440,1748
1440,1902
1440,1610
1440,1818
1441,1621
1441,2014
1441,1915
1441,1966
1441,1781
1441,2085
1441,2061
1442,1966
1442,1682
1442,1734
1442,1908
1442,1567
1442,1996
1442,2039
1443,1940
1443,1762
1443,1557
1443,1574
1443,1623
1443,1596
1443,1565
1444,1689
1444,1752
1444,1931
1445,1839
1445,1681
1445,1882
1445,1789
1445,2004
1445,1821
1445,1564
1445,1733
1445,1511
1445,2085
1445,1946
1445,1677
1445,1701
1446,1714
1446,1619
1446,1602
1446,1580
1446,1513
1446,1778
1446,1561
1446,1683
1447,1875
1447,1582
1447,1659
1447,1623
1447,1965
1447,1947
1447,1886
1447,1949
1447,1997
1448,1514
1448,1823
1448,2015
1448,2052
1448,1866
1448,1862
1448,1832
1448,1633
1449,2041
1449,1931
1449,1644
1449,1610
1449,1621
1449,1996
1449,2011
1449,1682
1449,2061
1449,1779
1449,1734
1449,1966
1450,1765
1450,2068
1450,1555
1450,1919
1450,1962
1450,1959
1450,1758
1450,1625
1450,1631
1451,1535
1451,1750
1451,1738
1451,1675
1451,1521
1451,1640
1451,1896
1451,1646
1451,1930
1451,1893
1451,1759
1451,1722
1452,1623
1452,1886
1452,1893
1452,1909
1452,1538
1453,2030
1453,1502
1453,1855
1453,2011
1453,1858
1453,1721
1454,1577
1454,1883
1454,1997
1454,1735
1454,2069
1454,1740
1454,1537
1454,1731
1454,1814
1454,2035
1455,1975
1455,1547
1455,1893
1455,1531
1455,1896
1455,1629
1455,1731
1455,1750
1456,1702
1456,1957
1456,1818
1456,1614
1456,1920
1456,1842
1456,1950
1456,1826
1456,1557
1457,2060
1457,1869
1457,1779
1457,1964
1458,1822
1458,1567
1458,1835
1458,1610
1458,2021
1458,2085
1458,1687
1458,2056
1458,1600
1459,1875
1459,1591
1459,1849
1460,1906
1460,1965
1460,1886
1460,2040
1460,1522
1460,2005
1460,1620
1461,1742
1461,1556
1461,1948
1461,1583
1462,1705
1462,1875
1462,1538
1462,1623
1462,1710
1462,1522
1462,1849
1462,1610
1463,1936
1463,1698
1463,1655
1463,1625
1463,1808
1463,1816
1464,2030
1464,1865
1464,1825
1464,1919
1464,1989
1464,1556
1464,1774
1465,2004
1465,1638
1465,1946
1465,1900
1465,1799
1465,1901
1465,1857
1465,1789
1465,1882
1466,1644
1466,2056
1466,1610
1467,1978
1467,2006
1467,1881
1467,1762
1468,1613
1468,1655
1468,1833
1468,1608
1468,1919
1468,2030
1469,1886
1469,1875
1469,1965
1469,1623
1469,1849
1469,1582
1470,1558
1470,1995
1470,2085
1470,1780
1470,2065
1470,2083
1470,1610
1470,2021
1470,1911
1471,1841
1471,1989
1471,1700
1471,2021
1471,1876
1471,1645
1471,1705
1471,2080
1472,1905
1472,1633
1472,1753
1472,1866
1472,2087
1472,1823
1472,1950
1472,2004
1472,1789
1472,1983
1472,1557
1472,1622
1472,2052
1473,1610
1473,1989
1473,1548
1473,1978
1473,1818
1473,1917
1473,1538
1473,1842
1473,1692
1474,1661
1474,1855
1474,1975
1474,1587
1474,1507
1474,1814
1474,1700
1474,1562
1474,1872
1474,1664
1475,1516
1475,2028
1475,1814
1475,1678
1475,1773
1475,1701
1475,1528
1475,1763
1475,1812
1475,2026
1475,1531
1475,2082
1476,1811
1476,2012
1476,1799
1476,1556
1476,1612
1476,1582
1476,1901
1476,2084
1476,1580
1476,1875
1476,1608
1476,1784
1476,1623
1476,1584
1476,1836
1477,1975
1477,1752
1477,1804
1477,1984
1477,2070
1477,1655
1477,2059
1478,1538
1478,1822
1478,1591
1478,1978
1478,1734
1478,1917
1478,1557
1478,2085
1478,2021
1478,2056
1479,1947
1479,1651
1479,1659
1479,1883
1479,1670
1479,1680
1480,1632
1480,1818
1480,1954
1480,2069
1480,1731
1480,1723
1480,2006
1480,1606
1480,2093
1480,1902
1480,1574
1480,1950
1481,2011
1481,2003
1481,1752
1481,1856
1481,1667
1481,2024
1482,1885
1482,1967
1482,1581
1482,1533
1482,1771
1482,1653
1482,1510
1482,1600
1482,1597
1482,1845
1482,1551
1483,1804
1483,1629
1483,1616
1483,1682
1483,1678
1483,1868
1483,1916
1483,1531
1484,1651
1484,1598
1484,1907
1484,1558
1484,1547
1485,2058
1485,1598
1485,1913
1485,1974
1485,2072
1485,1912
1485,2001
1485,1867
1485,1560
1485,1542
1485,1780
1486,1572
1486,1880
1486,1811
1486,1799
1486,1711
1486,1877
1486,2035
1486,1703
1487,1613
1487,1812
1487,2070
1487,1698
1487,1936
1488,1865
1488,1909
1488,2015
1488,1575
1488,1758
1488,2068
1488,1555
1488,1631
1488,2067
1488,1825
1488,1878
1488,1962
1488,1832
1489,1993
1489,1891
1489,1578
1489,1618
1489,1515
1489,1989
1489,1540
1489,1979
1490,1697
1490,1883
1490,1705
1490,1659
1490,1645
1490,1732
1490,2091
1491,1992
1491,2009
1491,1821
1492,1891
1492,1726
1492,1890
1492,1618
1493,1847
1493,1699
1493,1736
1493,1789
1493,1983
1493,1946
1493,1732
1494,2053
1494,2005
1494,1525
1495,1816
1495,1886
1495,1799
1495,1965
1495,1623
1495,1582
1496,1651
1496,1670
1496,1680
1496,1970
1496,1577
1496,1580
1496,1659
1496,1714
1497,1866
1497,1865
1497,1514
1497,1900
1497,1799
1497,2087
1497,1901
1497,1717
1497,1633
1497,1806
1498,1946
1498,1865
1498,1645
1498,1977
1499,1514
1499,1893
47,1501
1421,1505
636,1508
1130,1552
875,1579
837,1593
990,1617
167,1628
1068,1634
856,1642
526,1648
559,1650
305,1657
887,1666
258,1674
598,1691
615,1696
1019,1704
121,1713
1424,1715
529,1791
1152,1792
1123,1795
848,1800
962,1807
168,1810
235,1828
32,1837
240,1844
1028,1859
948,1861
954,1864
28,1888
472,1937
496,1952
321,1953
668,1969
948,1981
96,1988
1419,2002
584,2025
1350,2029
601,2033
459,2047
59,2048
949,2055
500,2089
275,2092
